claim_id,claim_index,statement,retrieved_evidence,gold_label,predicted_label,is_correct
dev_6040,6040,"Vào tháng 4.1930 TL Nhà vua Na Uy Harald V, Vua hề Charlie Chaplin (vua hề Sác lô) và vợ từng trải qua kỳ nghỉ trăng mật tại khách sạn Saigon Morin tại phòng Charlie Chaplin Suite.",Vua hề Charlie Chaplin (vua hề Sác lô) và vợ từng trải qua kỳ nghỉ trăng mật tại khách sạn Saigon Morin vào tháng 4.1936 TL Nhà vua Na Uy Harald V.,Refuted,Refuted,True
dev_5599,5599,"Nhiều chi bộ chỉ mua báo đảng mà không quan tâm đến việc đọc, nghiên cứu và áp dụng các nội dung của báo vào thực tiển nhưng việc công tác mua váo và đọc báo Đảng vẫn đạt hiệu quả cao.","Nhiều chi bộ mới chỉ dừng ở việc mua báo đảng, trong khi chưa thực sự quan tâm đến việc đọc, nghiên cứu, áp dụng nội dung báo, đảng vào việc lãnh đạo, chỉ đạo và hoạt động thực tiễn.",Refuted,Refuted,True
dev_1947,1947,"Công ty TNHH Mua bán nợ DSP, địa chỉ 91 Pasteur, phường Bến Nghé, quận 1, TP HCM mua các khoản nợ mà khách hàng đã vay.","Công an TP HCM khám xét Công ty Mirae Asset Cảnh sát xác định Công ty TNHH Mua bán nợ DSP, địa chỉ: Tầng 4, Chung cư Lữ Gia, số 70 Lữ Gia, phường 15, quận 11, TP HCM, mua các khoản nợ mà khách hàng đã vay của Công ty Tài chính TNHH MTV Mirae Asset Việt Nam (Mã số doanh nghiệp: 0311132506; địa chỉ 91 Pasteur, phường Bến Nghé, quận 1, TP HCM) và một số tổ chức tín dụng khác nhưng không có khả năng trả.",Refuted,Supported,False
dev_6753,6753,"Bởi được sinh ra trong thời đại công nghệ nên những người trẻ thuộc thế hệ này bên cạnh khả năng thích nghi linh hoạt với công nghệ mới, thì còn có nguy cơ dễ phụ thuộc vào công nghệ nếu không sử dụng dúng cách.","Tuy nhiên, thạc sĩ Quỳnh Anh lưu ý: ""Những người trẻ của thế hệ này có nguy cơ dễ dàng phụ thuộc vào công nghệ nếu không được giáo dục cách sử dụng nó một cách hợp lý.",Supported,NEI,False
dev_4933,4933,Sức chứa của hệ thống kho khí hóa lỏng (LPG) của cả nước hiện tại có 10 kho dung tích 10.000 m3 nhưng chưa có kho được đưa vào hoạt động.,Hiện cả nước chỉ có 10 kho có dung tích từ 10.000 m3 trở lên và chưa có kho khí thiên nhiên hóa lỏng (LNG) được đưa vào hoạt động.,Supported,Refuted,False
dev_4483,4483,Người dân có thể tra cứu thông tin trên nhiều kênh miễn phí của BHXH Việt Nam sau khi dừng cung cấp dịch vụ tin nhắn tra cứu qua đầu số 8079.,"(PLO)- Sau khi dừng cung cấp dịch vụ tin nhắn tra cứu qua đầu số 8079, người dân có thể tra cứu thông tin trên nhiều kênh miễn phí của BHXH Việt Nam.",Supported,Refuted,False
dev_3857,3857,"Tháng 10/2020, một nữ sinh THPT tại tỉnh Bắc Gyeongsang đã đệ đơn lên cơ quan chức năng, đề cập đến tình trạng áp lực về thời gian học quá nhiều và tác động tiêu cực đến sức khỏe của mình. Sau khi tiếp nhận đơn từ nữ sinh, cơ quan này đã khuyến nghị các trường cần thay đổi chính sách về giờ học của học sinh, nhằm giảm bớt áp lực và đảm bảo sự cân bằng giữa học tập và sức khỏe.","Tháng 10/2022, một nữ sinh THPT tại tỉnh Bắc Gyeongsang đã đệ đơn lên cơ quan chức năng, cho rằng các quy định liên quan đến tóc mà trường đặt ra vi phạm quyền tự do của em.",Refuted,NEI,False
dev_1472,1472,Bồ Đào Nha là một quốc gia có rất ít lịch sử và văn hóa.,"Lisbon chứa đựng chiều dài lịch sử huy hoàng, biểu tượng thịnh vượng của Bồ Đào Nha.",Refuted,Refuted,True
dev_2652,2652,"Về Đề án phát triển bền vững 1 triệu ha lúa chuyên canh chất lượng cao gắn với tăng trưởng xanh vùng Đồng bằng sông Cửu Long, dự kiến sẽ có 20.000tỷ đồng được đầu tư vào Đề án, trong đó, 3.000 tỷ từ vốn ngân sách nhà nước và 8.400 tỷ vốn xã hội hóa, còn lại là từ các nguồn vốn khác…","Dự kiến sẽ có 12.000 tỷ đồng được đầu tư vào Đề án, trong đó, 3.000 tỷ từ vốn ngân sách nhà nước và 8.400 tỷ vốn xã hội hóa, còn lại là từ các nguồn vốn khác…",Refuted,Refuted,True
dev_4172,4172,BTC đã không hoàn tiền vé cho khán giả mua vé.,"Những ai đã mua vé xem đêm nhạc, có thể liên hệ với chúng tôi để được hoàn tiền 100%"", đại diện BTC cho hay.",Refuted,Refuted,True
dev_1807,1807,Ngày 30/2 máy bay Airbus A321neo thứ hai cho hãng hàng không trung lưu HK Express đã được Airbus bàn giao thành công.,"Ngày 29.3, Airbus thông báo đã bàn giao thành công máy bay Airbus A321neo đầu tiên cho hãng hàng không giá rẻ HK Express, thành viên thuộc Tập đoàn Cathay Pacific có trụ sở tại Hồng Kông. Đây là máy bay đầu tiên trong tổng số 16 chiếc A321neo sẽ được bàn giao cho HK Express, với màu sơn mới nhất của hãng (màu tím và trắng), cùng các cánh lượn và cánh đuôi của máy bay có biểu tượng hành trình hình chữ “e”.",Refuted,Refuted,True
dev_3151,3151,"Bà xã Công Lý xin mọi người đừng làm hại gia đình mình, trên trang cá nhân, Ngọc Hà, bà xã NSND Công Lý đã đăng tải bài viết chia sẻ về những sự công kích cũng như những bình luận tiêu cực làm cho gia đình cô vô cùng hoảng sợ.","Bà xã Công Lý xin mọi người đừng chà đạp gia đình mình Trên trang cá nhân, Ngọc Hà, bà xã NSND Công Lý đã đăng tải bài viết chia sẻ về gia đình cũng như những bình luận tiêu cực mà cô và gia đình mình phải chịu.",NEI,NEI,True
dev_6449,6449,"Cựu tổng thống Mỹ Donald Trump trong buổi vận động bầu cử đầu tiên tại TP Waco, bang Texas (Mỹ) đã chỉ trích các công tố viên đang điều tra ông, nhằm củng cố vị thế trước cuộc bầu cử sơ bộ của Đảng Cộng hòa vào năm 2024.","(NLĐO) – Trong buổi vận động bầu cử đầu tiên tại TP Waco, bang Texas (Mỹ), cựu tổng thống Mỹ Donald Trump chỉ trích các công tố viên đang điều tra ông, nhằm củng cố vị thế trước cuộc bầu cử sơ bộ của Đảng Cộng hòa vào năm 2024.",Supported,Supported,True
dev_6290,6290,Tổng mức đầu tư cần thiết cho phát triển nhà ở Hà Nội giai đoạn 2021 - 2030 ước tính khoảng 880 nghìn tỷ đồng.,"Trong đó, nhu cầu nhà ở giai đoạn 2021 - 2025 khoảng 44 triệu mét vuông; giai đoạn 2021 - 2030 là 45 triệu mét vuông. Với mục tiêu đề ra, dự báo nhu cầu vốn đầu tư xây dựng nhà ở giai đoạn này cần khoảng 880.000 tỷ đồng, trong đó vốn ngân sách khoảng 11.700 tỷ đồng.",Supported,Refuted,False
dev_543,543,"Tại buổi làm việc với lãnh đạo tỉnh Hòa Bình, văn phòng Chính phủ vừa ban hành Thông báo số 95 ngày 25/3/2023 kết luận của Thủ tướng Chính phủ Phạm Minh Chính.","Văn phòng Chính phủ vừa ban hành Thông báo số 95 ngày 25/3/2023 kết luận của Thủ tướng Chính phủ Phạm Minh Chính tại buổi làm việc với lãnh đạo tỉnh Hòa Bình. Trong thông báo này, Thủ tướng yêu cầu trong thời gian tới, tỉnh Hòa Bình tập trung lãnh đạo, chỉ đạo công tác quy hoạch, coi đây là nhiệm vụ trọng tâm, ưu tiên với quan điểm quy hoạch phải đi trước một bước, có tầm nhìn dài hạn, chiến lược và tư duy đổi mới, vừa phát huy tiềm năng, thế mạnh, vừa hóa giải được các điểm nghẽn, nút thắt, các khó khăn, thách thức.",Supported,Supported,True
dev_3109,3109,"Trong bối cảnh cuộc cạnh tranh nhằm chiếm lĩnh thị trường xe điện đang nóng lên, ngày 14/3 tập đoàn chế tạo ô tô Volkswagen của Đức tuyên bố sẽ đầu tư 122 tỷ euro (130 tỷ USD) nhằm chuyển đổi sang xe điện trong những năm tới.","Tập đoàn chế tạo ô tô Volkswagen của Đức ngày 14/3 tuyên bố sẽ đầu tư 122 tỷ euro (130 tỷ USD) nhằm chuyển đổi sang xe điện trong những năm tới, trong bối cảnh cuộc cạnh tranh nhằm chiếm lĩnh thị trường xe điện đang nóng lên.",Supported,Supported,True
dev_5423,5423,Hơn 30 người rơi xuống giếng tại một ngôi đền ở TP Indore - Ấn Độ sáng 30-3 nhưng chỉ có hơn 17 người sống sót.,Đài NDTV đưa tin hơn 30 người rơi xuống giếng nhưng chỉ có hơn 17 người sống sót.,Supported,Supported,True
dev_1591,1591,"Dù các quy định biên chế cứng, nhưng TP.HCM vẫn có nhiều giải pháp giải quyết các mối trăn trở, và chính quyền đã cố gắng giảm bớt gánh nặng, tập trung nguồn lực cho những đề xuất mới, chủ trương mới trước yêu cầu của mô hình chính quyền đô thị.","Với đề xuất này, chính quyền đô thị TP.HCM có được một giải pháp ổn thỏa, giảm bớt gánh nặng cho chính quyền; tập trung nguồn lực cho những đề xuất mới, chủ trương mới trước yêu cầu của mô hình chính quyền đô thị.",Refuted,NEI,False
dev_7049,7049,"Mẫu mũ của bệnh nhân được các bác sĩ gửi đến phòng xét nghiệm của trung tâm hợp tác của WHO, sau đó kết quả là nấm chondrostereum purpureum, là nguyên nhân gây ra bệnh bạc lá ở thực vật.","Sau đó, các bác sĩ rút mủ và gửi mẫu đến phòng xét nghiệm của trung tâm hợp tác của Tổ chức Y tế thế giới (WHO) ở Ấn Độ.",Supported,NEI,False
dev_3397,3397,Man Utd chơi không tốt trong trận tứ kết FA Cup với Fulham.,"Ở vòng tứ kết FA Cup, Man Utd đã giành chiến thắng với tỷ số 3-1 trước Fulham.",Supported,Supported,True
dev_4402,4402,Giới chuyên gia đang nghiên cứu nhu cầu nhà ở dự kiến tại Hà Nội sẽ tăng hay giảm trong thập kỷ tới.,"(Chinhphu.vn) - Dự kiến năm 2023, TP. Hà Nội sẽ có thêm trên 4,1 triệu mét vuông sàn nhà ở, để đáp ứng với dự báo cần khoảng 89 triệu mét vuông sàn tổng nhu cầu về nhà trên địa bàn Hà Nội đến năm 2030.",NEI,NEI,True
dev_1137,1137,"Ngân hàng First Citizens của Mỹ đã đồng ý mua lại Ngân hàng Thung lũng Silicon (SVB), nhà băng vừa đổ sập trong tháng này gây ra cuộc khủng hoảng lan rộng.","Ngân hàng First Citizens của Mỹ đã đồng ý mua lại Ngân hàng Thung lũng Silicon (SVB), nhà băng vừa đổ sập trong tháng này gây ra cuộc khủng hoảng lan rộng.",Supported,Supported,True
dev_1637,1637,Các thông tin về đầu ra của ngành và trường đào tạo ngành được Khôi quan tâm.,"Ngoài muốn biết về đầu ra của ngành, em muốn nhờ các anh, chị tư vấn một trường của Đại học Quốc gia TP HCM để học ngành này.",Supported,NEI,False
dev_7143,7143,"Để chữa cháy rừng, lực lượng được huy động gần 750 người, hai xe cứu hỏa và nhiều thiết bị chuyên dụng, sau nhiều nỗ lực triển khai phương án chữa cháy, đến 16 giờ cùng ngày, đám cháy cơ bản được khống chế.","Lực lượng được huy động gần 250 người, hai xe cứu hỏa và nhiều thiết bị chuyên dụng để chữa cháy rừng.",Refuted,Refuted,True
dev_470,470,Ngày 21/3 Tổng thống Nga Vladimir Putin lên án và tuyên bố Mátxcơva sẽ đáp trả tương xứng về hành động gửi đạn xe tăng chứa urani nghèo cho Ukraine của Anh.,"TPO - Ngày 21/3, Tổng thống Nga Vladimir Putin lên án việc Anh định gửi đạn xe tăng chứa urani nghèo cho Ukraine, tuyên bố Mátxcơva sẽ buộc phải đáp trả tương xứng.",Supported,Refuted,False
dev_5834,5834,Một trong những thỏa thuận giữa hai bên là chuyển đổi cơ chế hoạt động của Trường Đại học Hà Tĩnh thành trường đại học thành viên của ĐH Quốc gia Hà Nội.,Một trong những nội dung 2 bên ký kết là sẽ xây dựng đề án chuyển đổi cơ chế hoạt động Trường ĐH Hà Tĩnh trở thành trường ĐH thành viên của ĐH Quốc gia Hà Nội.,Supported,Refuted,False
dev_2641,2641,Tang lễ tri ân những người hi sinh trong thảm họa có sự tham gia của chủ tịch Raúl Castro và đại tướng Miguel Díaz-Canel diễn ra trong hai ngày 18 và 19/8.,"Những người lính cứu hỏa, binh sĩ và cư dân thành phố Matanzas tiễn đưa và vinh danh những người đã hy sinh trong vụ hỏa hoạn xảy ra tại kho chứa nhiên liệu bên vịnh Matanzas - Ảnh: Granma.cu Bất chấp thời tiết nắng nóng gay gắt, hàng dài những người lính cứu hỏa, binh sĩ và cư dân thành phố Matanzas đã diễu hành chậm rãi để tiễn đưa và vinh danh những người đã hy sinh. Đại tướng Raúl Castro và Chủ tịch Cuba Miguel Díaz-Canel dẫn đầu đội danh dự tang lễ.",Refuted,NEI,False
dev_3442,3442,Gọi ngay cho đường dây nóng 0967771010 để báo cáo những hành vi có dấu lừa gạt.,"(PLO)- Sở Y tế TP.HCM khuyến cáo khi nhận thông tin có dấu hiệu lừa gạt, người dân hãy gọi đường dây nóng 0967771010 hoặc 02839307916.",Supported,Supported,True
dev_5295,5295,"Bạn của Lực kêu chị của nạn nhân đưa điện thoại mà Lực từng sử dụng vì là đồ bạn của Lục cho mượn, để xóa tin nhắn gì đó.","Còn theo chị của nạn nhân, lúc ở bệnh viện có một người bạn của Lực kêu chị này đưa điện thoại mà Lực từng sử dụng, để xoá tin nhắn gì đó nhưng chị không đồng ý.",NEI,Refuted,False
dev_4909,4909,Dưới sự dẫn dắt của HLV Park Han Seo đội tuyển nữ Việt Nam vẫn đang tập luyện tại Trung tâm đào tạo bóng đá trẻ Việt Nam (Hà Nội).,Đội tuyển nữ Việt Nam vẫn đang tập luyện tại Trung tâm đào tạo bóng đá trẻ Việt Nam (Hà Nội) dưới sự dẫn dắt của HLV Mai Đức Chung.,Refuted,Refuted,True
dev_1395,1395,"TBI là tổ chức kinh doanh do cựu Thủ tướng Tony Blair thành lập để hỗ trợ chính phủ các nước giải quyết các thách thức lớn về kinh tế, xã hội và chính trị.","Thủ tướng Phạm Minh Chính bày tỏ trân trọng những đóng góp của ông Tony Blair cho quan hệ Việt Nam-Anh trong nhiệm kỳ Thủ tướng Vương quốc Anh, đánh giá cao ngài cựu Thủ tướng và các cộng sự Viện TBI đã dành tình cảm, sự quan tâm hợp tác với các bộ ngành, cơ quan của Việt Nam - Ảnh: VGP/Nhật Bắc TBI là tổ chức phi lợi nhuận do cựu Thủ tướng Tony Blair thành lập với mục tiêu hỗ trợ chính phủ các nước giải quyết các thách thức lớn về kinh tế, xã hội và chính trị thông qua việc xây dựng chiến lược và chính sách, thúc đẩy toàn cầu hóa.",Refuted,Supported,False
dev_452,452,"Để đảm bảo tiến độ triển khai thành công, hiệu quả Chương trình phục hồi và phát triển kinh tế - xã hội cần khẩn trương, chủ động triển khai Nghị quyết số 44/2022/QH15 ngày 11/1/2022.","* Để bảo đảm tiến độ triển khai thành công, hiệu quả Chương trình phục hồi và phát triển kinh tế - xã hội, tại Thông báo số 193/TB-VPCP, Phó Thủ tướng Lê Văn Thành cũng đã yêu cầu các bộ, ngành, địa phương khẩn trương, chủ động triển khai các cơ chế, giải pháp đã được quy định rõ trong các Nghị quyết của Quốc hội (số 43/2022/QH15 ngày 11/1/2022 và số 44/2022/QH15 ngày 11/1/2022) và các Nghị quyết của Chính phủ (số 11/NQ-CP ngày 30/1/2022 và số 18/NQ-CP ngày 11/2/2022) bảo đảm tiến độ, chất lượng các dự án thuộc Chương trình phục hồi và phát triển kinh tế - xã hội.",Refuted,Supported,False
dev_307,307,"Sở GD-ĐT Hà Nội đã ra văn bản yêu cầu các nhà trường thực hiện ngay một số biện pháp phòng ngừa sau khi phụ huynh một số trường học ở Hà Nội nhận được điện thoại với chiêu lừa ""con đang cấp cứu, chuyển tiền gấp"".","Sau khi phụ huynh một số trường học ở Hà Nội nhận được điện thoại với chiêu lừa ""con đang cấp cứu, chuyển tiền gấp"", Sở GD-ĐT Hà Nội đã ra văn bản yêu cầu các nhà trường thực hiện ngay một số biện pháp phòng ngừa.",Supported,Refuted,False
dev_3913,3913,"Thời gian nhận hồ sơ đăng ký dự thi các môn năng khiếu đợt 1 để xét tuyển các ngành: kiến trúc, thiết kế đồ hoạ, thiết kế thời trang, thiết kế nội thất, quy hoạch vùng và đô thị, tổ hợp có môn năng khiếu của ngành quản lý thể dục thể thao đã được công bố.","Năm nay, Trường ĐH Tôn Đức Thắng tổ chức cho thí sinh đăng ký dự thi các môn năng khiếu để xét tuyển vào ĐH đối với các ngành: kiến trúc, thiết kế đồ hoạ, thiết kế thời trang, thiết kế nội thất, quy hoạch vùng và đô thị, tổ hợp có môn năng khiếu của ngành quản lý thể dục thể thao theo 4 phương thức xét tuyển.",Supported,NEI,False
dev_4248,4248,"Nhân vật chính trong bức ảnh ""Em bé K'ho"" đã có cơ hội được gặp lại tác giả đã chụp mình vào ngày 6-3.","Ngày 6-3, cuộc gặp gỡ giữa nhân vật trong bức ảnh đoạt giải đặc biệt của cuộc thi ảnh quốc tế về thiếu nhi ở Tehran (Iran) 27 năm trước và tác giả Nguyễn Hữu Thành đã diễn ra thật xúc động.",Supported,Supported,True
dev_2351,2351,"Những người trước đây đã tham gia chương trình EPS và hoàn thành nghĩa vụ hợp đồng của họ, bao gồm cả những người từ các khu vực không đánh bắt cá, cũng đủ điều kiện đăng ký.",Người lao động đăng ký tham gia chương trình EPS năm 2023 cần có đủ các điều kiện dưới đây.,NEI,NEI,True
dev_4418,4418,Việc hoạch định kế hoạch tài chính càng sớm càng có lợi thế mặc dù thời gian tích lũy không phải yếu tố quyết định.,"Điều này cho thấy việc hoạch định kế hoạch tài chính càng sớm sẽ càng có lợi thế, nhất là với đối tượng GenZ bởi nhóm này có nhiều thời gian để thực hiện.",Refuted,NEI,False
dev_6264,6264,"Với các mái vòm cao tới 32m, Nhà thờ Đức Bà Paris được xây dựng vào giữa thế kỷ 12 và là tòa nhà cao nhất từng được xây dựng vào thời điểm đó.",Nhà thờ Đức Bà Paris được xây dựng vào giữa thế kỷ 12 và là tòa nhà cao nhất từng được xây dựng vào thời điểm đó với các mái vòm cao tới 32m.,Refuted,Supported,False
dev_4052,4052,"Khả năng tháo rời tấm pin là điều rất cần thiết để tiến hành công tác bảo trì sau này, và việc này sẽ được Sun-Ways - công ty đầu tiên được cấp bằng sáng chế cho hệ thống có thể tháo rời đảm nhiệm vai trò thực hiện trong vòng 10 năm tiếp theo.","Theo Danichert, khả năng tháo rời tấm pin rất cần thiết để tiến hành công tác bảo trì như mài ray.",NEI,NEI,True
dev_3161,3161,"Tỉ phú Jack Ma (Mã Vân) đã về nước sau hơn một năm kín tiếng ở nước ngoài và đã gặp các giáo viên và học sinh tại trường Yungu, một trường tư thục đào tạo từ cấp mẫu giáo đến trung học, hoạt động dưới sự tài trợ của công ty Alibaba trong hôm 27.3.","Hôm nay 27.3, ông Jack Ma đã gặp các giáo viên và học sinh tại trường Yungu, một trường tư thục đào tạo từ cấp mẫu giáo đến trung học, hoạt động dưới sự tài trợ của công ty Alibaba.",Supported,NEI,False
dev_6368,6368,Địa điểm thi đấu các bảng được tổ chức tại Qatar.,Địa điểm thi đấu các bảng sẽ được AFC công bố sau khi cân nhắc các yếu tố liên quan.,NEI,NEI,True
dev_154,154,"Bộ Chính trị khẳng định nhiệm vụ chiến lược, thường xuyên của Đảng, Nhà nước là tiếp tục đổi mới và phát huy chính sách xã hội, đồng thời, Bộ yêu cầu xây dựng và thực hiện chính sách xã hội phải đặt trong tổng thể quản lý phát triển xã hội bền vững.","Bộ Chính trị khẳng định việc tiếp tục đổi mới, phát huy hiệu quả chính sách xã hội là nhiệm vụ chiến lược, thường xuyên của Đảng, Nhà nước nhằm thực hiện tăng trưởng kinh tế đi đôi với thực hiện tiến bộ và công bằng xã hội.",Supported,NEI,False
dev_964,964,"Có 41 học sinh được đưa đến khám tại một số bệnh viện, còn lại được cho về nhà nghỉ ngơi.","Trong đó, 41 học sinh đã được đưa đến khám tại một số bệnh viện.",Refuted,NEI,False
dev_78,78,Hàng xóm tử vong do đạp trúng dây điện bẫy chuột của ông Long.,"(Dân trí) - Khi đi thu dây điện giăng trước đó để bẫy chuột, ông Long phát hiện hàng xóm bị điện giật tử vong.",NEI,Supported,False
dev_4284,4284,"Trưởng ban Văn hóa - Xã hội HĐND TP.HCM bà Nguyễn Thị Thu Hằng cho rằng Thông tư 55 không cấm việc thu quỹ Ban đại diện CMHS, nếu nhà trường vì áp lực không tổ chức thu quỹ cũng như triển khai việc kêu gọi tài trợ sẽ gây thiệt thòi cho HS cũng như giáo viên của trường.","Ông Cao Thanh Bình, Trưởng ban Văn hóa - Xã hội HĐND TP.HCM, cho rằng Thông tư 55 không cấm việc thu quỹ Ban đại diện CMHS, tuy nhiên vấn đề cần phải hiểu để thực hiện cho đúng.",Refuted,NEI,False
dev_2454,2454,Đã có 3 tỉnh phát hiện ca mắc Marburg và các tỉnh chỉ cách nhau 1500 km.,"Theo Tổng giám đốc WHO Tedros Adhanom Ghebreyesus, số ca bệnh Marburg được báo cáo chính thức tại Guinea Xích đạo hiện vẫn là 9 ca, với 7 ca tử vong tại 3 tỉnh. Tuy nhiên, các tỉnh này cách nhau khoảng 150 km, cho thấy khả năng virus đã lây nhiễm trên quy mô rộng hơn.",Refuted,Refuted,True
dev_6171,6171,"Theo Reuters, quyết định của đại bồi thẩm đoàn New York hôm 30-3 khiến ông Donald Trump trở thành cựu tổng thống Mỹ đầu tiên phải đối mặt với cáo buộc hình sự, ngay cả khi ông đang thực hiện một cuộc chạy đua khác nhằm trở lại Nhà Trắng.","Theo Reuters, quyết định của đại bồi thẩm đoàn New York hôm 30-3 khiến ông Donald Trump trở thành cựu tổng thống Mỹ đầu tiên phải đối mặt với cáo buộc hình sự, ngay cả khi ông đang thực hiện một cuộc chạy đua khác nhằm trở lại Nhà Trắng.",Supported,Supported,True
dev_1247,1247,Biểu hiện bệnh sẽ rõ ở lúc đầu nên cần được phát hiện sớm để tránh nguy cơ biến chứng đột quỵ hay liệt vận động.,"Nguy hiểm hơn có thể gây đột quỵ, liệt vận động.",Refuted,NEI,False
dev_6591,6591,"Đường hẹp, nhiều người có tâm lý lo sợ bị vật liệu rơi trúng dẫn tới chạy trên vỉa hè, sát các trụ điện.","Đường hẹp, nhiều người có tâm lý chạy cách xa khu vực thi công nên chạy trên vỉa hè, sát các trụ điện.",NEI,NEI,True
dev_6477,6477,"Một số cầu thủ muốn về quê nhưng không có đủ tiền vì họ chưa được ký hợp đồng và chưa nhận được tiền lương, ăn tập thì phải tự túc.",Một số cầu thủ cho biết muốn được về quê nhưng không còn tiền để về.,Supported,NEI,False
dev_6580,6580,"Cơ sở Cải huấn Pendleton là nhà tù an ninh tối đa, nơi giam giữ những nam thanh niên phạm tội giết người, cướp của và hiếp dâm.","Cơ sở này giam giữ những nam thanh niên phạm tội giết người, cướp của, hiếp dâm.",Supported,NEI,False
dev_3440,3440,"Đội đội tuyển Hà Lan đã phải chia tay Frenkie de Jong và Steven Bergwijn do chấn thương trước đó, trước sự thiếu hụt về lực lượng này, HLV Koeman phải triệu tập gấp Stefan de Vrij, Ryan Gravenberch và trung vệ Kjell scherpen.","Ngôi sao của Livepool - Gakpo buộc phải chia tay tuyển Hà Lan vì nhiễm virus lạ Trước sự thiếu hụt về lực lượng này của ""Cơn lốc màu da cam"", HLV Koeman phải triệu tập gấp Stefan de Vrij, Ryan Gravenberch và thủ thành Kjell scherpen.",Refuted,Refuted,True
dev_1696,1696,"Trưởng Ban Chỉ đạo quốc gia là Chính phủ Trần Lưu Quang; Phó Trưởng Ban Chỉ đạo quốc gia là các Phó Thủ tướng Chính phủ: Lê Văn Thành, Trần Hồng Hà, Trần Lưu Quang. Phó Thủ tướng; Trưởng Ban Chỉ đạo liên ngành hội nhập quốc tế về chính trị, an ninh, quốc phòng là Thủ tướng Chính phủ Phạm Minh Chính.","Phó Thủ tướng Chính phủ Trần Lưu Quang làm Trưởng Ban Chỉ đạo liên ngành hội nhập quốc tế về chính trị, an ninh, quốc phòng.",Refuted,Refuted,True
dev_1689,1689,"Sau khi phẫu thuật lấy u não, bệnh nhân phục hồi tốt và không có biến chứng sau mổ.","Ảnh: BVCC Sau hơn 10 ngày điều trị, chăm sóc tích cực, bệnh nhân phục hồi tốt, không còn đau đầu, vận động tốt, không có biến chứng sau mổ và đã được xuất viện.",Supported,Supported,True
dev_4649,4649,World Cup 2026 được nhiều người mong chờ sẽ có cuộc đối đầu giữa Messi và Ronaldo.,(PLO)- Messi chưa chia tay với đội tuyển Argentina và còn nghĩ đến World Cup 2026 trong khi Ronaldo vẫn là nhân vật quan trọng của Bồ Đào Nha và được HLV Roberto Martinez trao quyền lực ở đội tuyển.,Supported,Refuted,False
dev_1641,1641,Cơ quan chức năng phát hiện có hơn 10 sạp lớn nhỏ đã được xây dựng kiên cố trên diện tích đất rừng bà Lệ được giao và ông Bình có tổng 14 sạp lớn nhỏ.,"Quá trình kiểm tra, cơ quan chức năng phát hiện có hơn 10 sạp lớn nhỏ bằng trụ sắt bê tông, cùng nhà ở, nhà bếp, nhà kho, nhà vệ sinh, cầu bê tông…",Supported,NEI,False
dev_7157,7157,"Trường tiểu học Kim Giang tổ chức cho học sinh khối lớp 1 và lớp 2 đi tham quan tại trang trại Cánh Buồm Xanh tại huyện Gia Lâm, đến tối cùng ngày, đã có 41 cháu phải nhập viện vì có biểu hiện đau bụng, buồn nôn.","Tối 28/3, UBND Quận Thanh Xuân thông tin sự việc, hôm nay Trường tiểu học Kim Giang tổ chức cho học sinh khối lớp 1 và lớp 2 đi tham quan tại trang trại Cánh Buồm Xanh tại huyện Gia Lâm.",Supported,NEI,False
dev_6522,6522,"Để Nhà nước triển khai xây dựng các tuyến đường theo quy hoạch, nhiều nông dân tại Bình Phước đã tình nguyện hiến đất và cây trồng trên đất, trị giá hàng tỉ đồng.","Nhiều nông dân tại Bình Phước đã tình nguyện hiến đất và cây trồng trên đất, trị giá hàng tỉ đồng để Nhà nước triển khai xây dựng các tuyến đường theo quy hoạch. Ngày 26.3, 3 hộ nông dân tại TP.Đồng Xoài (Bình Phước) đã tự nguyện chặt cây trồng, hiến đất cho Nhà nước làm đường quy hoạch số 34 (hay đường Hải Thượng Lãn Ông) đoạn qua KP.5, P.Tiến Thành, TP.Đồng Xoài.",Supported,Supported,True
dev_1492,1492,Cả Nga và Ukraine đều chấp nhận cho Liên hợp quốc đến giám sát khu vực nhà máy hạt nhân Zaporizhzhia.,Người đứng đầu cơ quan giám sát hạt nhân của Liên hợp quốc đã có chuyến thăm thứ hai tới nhà máy hạt nhân Zaporizhzhia giữa lúc xung đột leo thang xung quanh khu vực này.,Supported,NEI,False
dev_4715,4715,"Bộ trưởng Bộ NN&PTNT Lê Minh Hoan ký ban hành văn bản số 2137/BNN-TY ngày 6/4, yêu cầu các địa phương rà soát, chấn chỉnh tiêm vaccine phòng bệnh cho đàn vật nuôi.","Vì vậy, ngày 6/4, Bộ trưởng Bộ NN&PTNT Lê Minh Hoan ký ban hành văn bản số 2137/BNN-TY yêu cầu các địa phương rà soát, chấn chỉnh tiêm vaccine phòng bệnh cho đàn vật nuôi.",Supported,Supported,True
dev_5929,5929,"Tại Quyết định số 809/QĐ-TTg ngày 10-6-2020, danh mục bí mật nhà nước thuộc lĩnh vực GD-ĐT chỉ còn: Đề thi chính thức, đề thi dự bị, đáp án đề thi chính thức, đáp án đề thi dự bị của các kỳ thi tốt nghiệp THPT, thi chọn học sinh giỏi quốc gia, thi chọn đội tuyển Olympic quốc tế và khu vực chưa công khai.","Tại Quyết định số 809/QĐ-TTg ngày 10-6-2020, danh mục bí mật nhà nước thuộc lĩnh vực GD-ĐT chỉ còn: Đề thi chính thức, đề thi dự bị, đáp án đề thi chính thức, đáp án đề thi dự bị của các kỳ thi tốt nghiệp THPT, thi chọn học sinh giỏi quốc gia, thi chọn đội tuyển Olympic quốc tế và khu vực chưa công khai.",Supported,Supported,True
dev_6227,6227,ECB tin rằng những xáo trộn gần đây của ngành ngân hàng sẽ ít ảnh hưởng đến tăng trưởng kinh tế và tỷ lệ lạm phát.,"Trong khi đó tại châu Âu, Ngân hàng Trung ương châu Âu (ECB) tin rằng những biến động trong ngành ngân hàng gần đây có thể khiến tăng trưởng chậm lại và lạm phát giảm, Phó Chủ tịch Luis de Guindos cho biết.",Refuted,Refuted,True
dev_1471,1471,"Trong 56 cháu có biểu hiện đau bụng, buồn nôn có 41 cháu đang nhập viện khám sàng lọc, số còn lại đã được phụ huynh đón về tiếp tục theo dõi sức khỏe tại nhà với sự theo dõi của bộ y tế vì bệnh viện thiếu giường.",Các cháu còn lại đã được phụ huynh đón về tiếp tục theo dõi sức khỏe tại nhà.,NEI,NEI,True
dev_5600,5600,"Trong đợt công bố kết quả trên bảng xếp hạng ĐH theo lĩnh vực 2023, ngành kỹ thuật dầu khí của ĐH Quốc gia TP.HCM là ngành duy nhất không đạt top 100 thế giới.","Trong đợt công bố kết quả xếp hạng ĐH theo lĩnh vực của Tổ chức QS năm ngoái, ngành kỹ thuật dầu khí là một trong 7 ngành học của ĐH Quốc gia TP.HCM được vinh danh trong top 51 - 100 của bảng xếp hạng này.",Refuted,Refuted,True
dev_5951,5951,"Điện ảnh Việt Nam mới chỉ sản xuất phim đề tài chiến tranh, cách mạng.","Ở trong nước, hàng trăm giải thưởng quốc gia được trao tặng cho các bộ phim truyện, phim tài liệu, phim khoa học, phim hoạt hình trong 22 lần tổ chức Liên hoan phim Việt Nam và hàng trăm giải thưởng cho cá nhân các nghệ sĩ điện ảnh. Trong 10 năm trở lại đây, ngành điện ảnh Việt Nam đã kịp thời nắm bắt thời cơ đổi mới và hội nhập quốc tế, tổ chức thực hiện những dự án sản xuất, phát hành phim theo mô hình xã hội hóa.",Refuted,Refuted,True
dev_5290,5290,"Năm 2023, một nam sinh tại trường Công nghiệp - Thương mại và Du lịch Hạ Môn đã phải đối mặt với yêu cầu chứng minh mái tóc của mình có màu vàng tự nhiên. Sau khi thực hiện việc đến bệnh viện Osaka để chứng minh, nam sinh này đã bị từ chối do thiếu thiết bị cần thiết. Tuy nhiên, anh đã nhận được sự hỗ trợ từ Hiệp hội Mỹ phẩm và Sắc đẹp địa phương, nhận chứng chỉ xác nhận rằng mái tóc của anh không được uốn. Đáng chú ý, đại diện trường đã đứng ra xin lỗi và đưa ra quyết định cho phép các học sinh tự do chọn kiểu tóc của mình.","Sau khi bị bệnh viện từ chối vì thiếu thiết bị, em được Hiệp hội Mỹ phẩm và Sắc đẹp địa phương chứng nhận không uốn tóc.",Refuted,Refuted,True
dev_5690,5690,"Ngân hàng lớn nhất tại Mỹ là SVB hoạt động từ thập niên 1970 chi nhánh tại Santa Monica, bang California","SVB là đối tác chính của giới khởi nghiệp công nghệ tại Mỹ, hoạt động từ thập niên 1980.",Refuted,Refuted,True
dev_5344,5344,Lưng voi không có cấu tạo phù hợp với việc chở nặng vì xương sống của chúng mở lên trên.,"Lưng voi không có cấu tạo phù hợp để chở nặng, theo Tom Taylor, giám đốc dự án tại WFFT.",Supported,NEI,False
dev_151,151,Toàn quốc hiện có 19 điểm thi IELTS đã được cấp phép bổ sung trong đó 15 địa điểm của Hội đồng Anh và bốn điểm thi liên kết với Tổ chức Giáo dục quốc tế IDP.,"Được biết, tính đến thời điểm này, toàn quốc có 19 điểm thi IELTS (15 địa điểm của Hội đồng Anh và bốn điểm thi liên kết với Tổ chức Giáo dục quốc tế IDP) được Bộ GD&ĐT cấp phép bổ sung năm địa điểm tổ chức thi IELTS tại năm địa phương cấp phép. Tại Việt Nam, chứng chỉ đánh giá năng lực tiếng Anh IELTS đang ngày càng nắm vị thế quan trọng.",Supported,Supported,True
dev_5633,5633,"Mỗi lần đi diễn, cô phải dùng kỹ thuật hóa trang để che lại, nhưng ddeesdn năm 2015 tôi gặp một bác sĩ giỏi tên là Đặng Luân, bác sĩ khâu lại cho cô nên bây giờ khán giả sẽ không thấy vết sẹo đó trên gương mặt cô nữa.","Bác sĩ khâu lại cho tôi nên bây giờ khán giả sẽ không thấy vết sẹo đó trên gương mặt tôi nữa"", nữ nghệ sĩ kể thêm.",NEI,NEI,True
dev_1824,1824,"Cuộc họp đầu tiên để xúc tiến việc chuẩn bị hồ sơ đăng cai World Cup 2034 được tổ chức ngày 22/3, do ông Niwat Limsuknirun chủ trì.","TPO - Các quan chức thể thao ASEAN, đại diện Liên đoàn Bóng đá ASEAN và các Liên đoàn Bóng đá các nước Đông Nam Á đã tổ chức cuộc họp đầu tiên để xúc tiến việc chuẩn bị hồ sơ đăng cai World Cup 2034.",Supported,NEI,False
dev_3748,3748,"Chính phủ đã nỗ lực trong việc điều hành chính sách vĩ mô theo hướng bất ổn định như tăng vốn, đẩy mạnh đầu tư không công.","Bởi trước hết là họ nhìn vào những nỗ lực của Chính phủ trong việc điều hành chính sách vĩ mô theo hướng ổn định. Cụ thể như là cố gắng kéo giảm lãi suất, đồng thời tạo mọi điều kiện để đẩy mạnh đầu tư công. Tuy nhiên, trên thế giới cũng có nhiều yếu tố khiến nhà đầu tư thận trọng nếu không thị trường chứng khoán trong nước đã bứt phá mạnh trước những thông tin tích cực từ Chính phủ liên tục đưa ra.",Refuted,Refuted,True
dev_5263,5263,"Một thỏa thuận cấp chuyên gia của IMF đạt được với Ukraine vào ngày 21/3, Ukraine sẽ gia nhập Liên minh châu Âu (EU) sau chiến tranh trong tháng 4 tới.","Quyết định này chính thức hóa một thỏa thuận cấp chuyên gia của IMF đạt được với Ukraine vào ngày 21/3 vừa qua, trong đó có tính đến con đường Ukraine gia nhập Liên minh châu Âu (EU) sau chiến tranh. Theo IMF, thỏa thuận này dự kiến sẽ giúp giải phóng nguồn tài chính ưu đãi quy mô lớn dành cho Ukraine từ các nhà tài trợ và đối tác quốc tế khác.",NEI,Refuted,False
dev_1593,1593,World Cup 2022 là mùa World Cup thành công của Messi nhưng lại là thất bại của Ronaldo.,"Tại World Cup 2022, Messi vẫn là cầu thủ không thể thiếu của Argentina góp phần lớn trong chiếc cúp vô địch lần thứ ba của Argentina.",Supported,Refuted,False
dev_4214,4214,"Buổi họp báo thông báo về tình hình triển khai các hoạt động văn hóa, thể thao, du lịch quý I/2023 và phương hướng, nhiệm vụ trong những tháng tiếp theo do Bộ Văn hóa-Thể thao và Du lịch tổ chức vào sáng 24/3.","(Chinhphu.vn) - Sáng 24/3, Bộ Văn hóa-Thể thao và Du lịch đã tổ chức họp báo thông báo về tình hình triển khai các hoạt động văn hóa, thể thao, du lịch quý I/2023 và phương hướng, nhiệm vụ trong những tháng tiếp theo.",Supported,Supported,True
dev_285,285,"So với năm 2021, Năm 2022, doanh thu toàn ngành TT-TT tăng 12,7%, ước đạt 3.893.595 tỉ đồng.","Năm 2022, doanh thu toàn ngành TT-TT ước đạt 3.893.595 tỉ đồng, tăng 12,7% so với năm 2021.",Refuted,Refuted,True
dev_7463,7463,"Trong vụ án Tùng là kẻ chủ mưu, vì đã gây ra 26 vụ lừa đảo, chiếm đoạt hàng trăm tỉ đồng của 3 ngân hàng và nhiều cá nhân.","Thành dùng thủ đoạn gian dối, gây ra 26 vụ lừa đảo, để chiếm đoạt hàng trăm tỉ đồng của 3 ngân hàng và nhiều cá nhân.",Refuted,Refuted,True
dev_2302,2302,Một phụ huynh chia sẻ trên mạng xã hội rằng con gái mình bị hai đối tượng dụ dỗ và có ý đồ bắt cóc nhưng cháu hét lên và có bảo vệ can thiệp nên các đối tượng đã bỏ chạy.,"Sau đó, hai người đó, dắt tay bạn của cháu nhưng cháu kéo bạn đi cùng và hét lên nên họ bỏ chạy trước cổng trường cấp 1 Bến Thủy…"", dòng trạng thái của một phụ huynh chia sẻ trên mạng xã hội.",NEI,Refuted,False
dev_5934,5934,"Cuộc khủng hoảng đã lan rộng sang Châu Âu và Châu Mỹ, điều này đã góp phần khiến cho Ngân hàng Credit Suisse lớn thứ hai của Thụy Sĩ bị đối thủ thâu tóm.",Khủng hoảng cũng lan rộng sang châu Âu và góp phần khiến Ngân hàng Credit Suisse lớn thứ hai của Thụy Sĩ bị đối thủ UBS thâu tóm.,NEI,NEI,True
dev_854,854,"Hội nghị có sự tham gia của lãnh đạo của các tỉnh, hàng trăm doanh nghiệp, nhà đầu tư trên khắp cả nước.","Tại hội nghị, ngoài lãnh đạo của các tỉnh trên còn có hàng trăm doanh nghiệp, nhà đầu tư trên khắp cả nước tham gia.",Supported,Supported,True
dev_4210,4210,Shakira đã tạm dừng kế hoạch chuyển đến Hoa Kỳ do vấn đề sức khỏe của cha mẹ cô.,Việc cha mẹ gặp vấn đề sức khỏe cũng là lý do gây tác động tới kế hoạch rời khỏi Tây Ban Nha mà Shakira đang ấp ủ.,Supported,Refuted,False
dev_3900,3900,"Thông qua Cổng Thông tin điện tử Chính phủ, Chủ tịch nước và thanh niên cùng thảo luận các vấn đề tại Hội nghị với chủ đề ""Xây dựng nguồn nhân lực trẻ chất lượng cao đáp ứng kỷ nguyên 4.0"".","(Chinhphu.vn) - Sáng 22/3 tại Hà Nội, Thủ tướng Chính phủ Phạm Minh Chính dự và chủ trì Hội nghị đối thoại với thanh niên năm 2023 với chủ đề ""Xây dựng nguồn nhân lực trẻ chất lượng cao đáp ứng kỷ nguyên 4.0"".",Refuted,Supported,False
dev_255,255,"Cơ quan Cảnh sát điều tra Công an TP HCM đề nghị các cá nhân bị các đối tượng gọi điện, nhắn tin, nhắc nợ, chửi bới, đe dọa đến Cơ quan Cảnh sát điều tra Công an TP Hà Nội để tố giác.","Để phục vụ công tác điều tra, Cơ quan Cảnh sát điều tra Công an TP Hà Nội đề nghị các cá nhân đã từng vay tiền hoặc cá nhân không vay tiền nhưng bị các đối tượng gọi điện, nhắn tin, nhắc nợ, chửi bới, đe dọa...",Refuted,NEI,False
dev_6386,6386,Hội nghị kết nối hợp tác kinh tế thương mại Việt Nam - Trung Quốc thu hút gân 300 đại biểu cùng hàng ngàn người dân Quảng Tây theo dõi.,"Hội nghị đã thu hút được sự quan tâm của gần 300 đại biểu đại diện cho các cơ quan quản lý nhà nước, doanh nghiệp hai bên.",NEI,NEI,True
dev_2591,2591,"Để xây dựng hạ tầng giao thông khu vực sân bay Tân Sơn Nhất, chính quyền địa phương sẽ bồi thường như thế nào cho người dân và doanh nghiệp bị ảnh hưởng bởi việc thu hồi đất và xây dựng con đường, bao gồm cả hai công ty thuộc sở hữu của quân đội đã phải di dời tài sản của họ.","Chủ trì Hội nghị, Thiếu tướng Đặng Văn Hùng, Phó Tư lệnh, Tham mưu trưởng Quân khu 7 nhấn mạnh, dự án xây dựng hạ tầng giao thông khu vực sân bay Tân Sơn Nhất là công trình trọng điểm quốc gia.",NEI,NEI,True
dev_2895,2895,"Đồng chí Thượng tá Phan Thắng tuy có ít nỗ lực, cống hiến và tham mưu, nhưng vẫn lăn lộn bám sát cơ sở, bộ đội, tâm huyết, trách nhiệm với đơn vị, kịp thời xử lý có hiệu quả các tình huống phát sinh, giúp nhân dân phòng, chống và khắc phục các hậu quả thiên tai, dịch bệnh.","Đồng chí luôn lăn lộn bám sát cơ sở, bộ đội, tâm huyết, trách nhiệm với đơn vị; xử trí kịp thời, hiệu quả các tình huống phát sinh; lăn xả giúp nhân dân phòng, chống, khắc phục hậu quả thiên tai, dịch bệnh. Tiêu biểu như những lần sơ tán dân tránh lũ; tham gia cứu hộ, cứu nạn sự cố sạt lở đất ở nhà máy thủy điện Rào Trăng 3; phòng, chống dịch COVID-19.",Refuted,NEI,False
dev_7363,7363,"Việt Nam luôn theo dõi các hoạt động trên Biển Đông, đề phòng có sự xâm phạm trái phép của các quốc gia khác.","“Các cơ quan chức năng Việt Nam luôn theo sát những diễn biến trên Biển Đông, kiên quyết, kiên trì thực hiện các biện pháp quản lý và thực thi pháp luật trên biển phù hợp với luật pháp quốc tế, đặc biệt là Công ước của Liên Hợp Quốc về Luật Biển năm 1982 và pháp luật Việt Nam để bảo vệ các quyền hợp pháp của mình”, Phó Phát ngôn viên Phạm Thu Hằng tuyên bố như vậy để trả lời câu hỏi của báo chí về diễn biến này.",NEI,Refuted,False
dev_2819,2819,"Nếu dữ liệu đúng, phụ huynh có thời gian 10 ngày thao tác thử, trong giai đoạn thứ hai là giai đoạn chính thức từ ngày 21/5 đến ngày 31/5, Sở Giáo dục và Đào tạo sẽ tập huấn cho từng trường và trường sẽ hướng dẫn cho phụ huynh và có những bảng hướng dẫn bằng hình ảnh chi tiết nội dung để phụ huynh có thể thực hiện được thao tác đăng nhập vào phần mềm tuyển sinh một cách dễ dàng.","Trong thời gian này, Sở Giáo dục và Đào tạo sẽ tập huấn cho từng trường và trường sẽ hướng dẫn cho phụ huynh và có những bảng hướng dẫn bằng hình ảnh chi tiết nội dung để phụ huynh có thể thực hiện được thao tác đăng nhập vào phần mềm tuyển sinh một cách dễ dàng.",Refuted,NEI,False
dev_2834,2834,"Cô Lê Hạnh 1 năm trước vẫn còn rất lo lắng khi mắc bệnh tiểu đường kèm mỡ máu xấu, nhưng cô đã tìm lại được cuộc sống yên bình nhờ có sản phẩm được tin dùng số 1 Việt Nam.",Nhưng với “Sản phẩm được tin dùng số 1 Việt Nam trong dòng thảo dược chiết xuất từ dây thìa canh sạch chuẩn quốc tế GACP - WHO cho người tiểu đường” cô đã tìm lại cuộc sống yên bình….,Refuted,NEI,False
dev_1218,1218,"Ở tuổi 58, Tấn Beo vẫn đi diễn cùng con trai ở các tỉnh miền Tây, miền Trung","Ở tuổi 58, Tấn Beo vẫn nhận lời mời lưu diễn ở các tỉnh miền Tây, miền Trung.",NEI,Refuted,False
dev_6057,6057,"Sau khi đoạn clip hướng dẫn viên kể câu chuyện nhạy cảm truyền miệng, thiếu căn cứ về hậu cung xưa được đăng tải lên mạng xã hội đã đại 2 triệu lượt xem, rất nhiều người đã bày tỏ sự phẫn nộ.","Sau khi đoạn clip được đăng tải lên mạng xã hội, rất nhiều người đã bày tỏ sự phẫn nộ.",NEI,NEI,True
dev_6094,6094,"Ngày 31/3, Bộ Văn hoá, Thể thao và Du lịch (VHTTDL) tổ chức hội nghị Tổng kết đánh giá việc thực hiện nghị định số 131/2013/NĐ-CP ngày 16/10/2023 (Nghị định 131) của Chính phủ quy định xử phạt vi phạm hành chính về quyền tác giả, quyền liên quan.","Hội nghị Tổng kết đánh giá việc thực hiện Nghị định 131 - Ảnh: VGP/Huy Phạm Ngày 31/3, Bộ Văn hoá, Thể thao và Du lịch (VHTTDL) tổ chức hội nghị Tổng kết đánh giá việc thực hiện nghị định số 131/2013/NĐ-CP ngày 16/10/2023 (Nghị định 131) của Chính phủ quy định xử phạt vi phạm hành chính về quyền tác giả, quyền liên quan.",Supported,Supported,True
dev_5411,5411,Một cán bộ tư pháp nhận hối lộ hơn 100 triệu đồng đã bị Công An điều tra làm rõ.,(PLO) - Cơ quan Công an thị xã Ba Đồn (Quảng Bình) đang tiếp tục điều tra một cán bộ tư pháp phường có hành vi nhận hối lộ hơn 100 triệu đồng trong quá trình làm hồ sơ thừa kế quyền sử dụng đất cho người dân.,Supported,Supported,True
dev_453,453,"Người dân sẽ không cần mua vé cho dù muốn vào khu phố cổ ăn uống hay dạo phố, chỉ mua vé với trường hợp nếu người dân địa phương dẫn khách không phải là người ở Hội An hay khách quốc tế vào tham quan.","Ngoài ra, người dân nếu muốn vào phố cổ ăn uống hay dạo phố thì cũng không phải mua vé.",NEI,NEI,True
dev_4028,4028,Colombia từng hòa 2-2 trong trận đấu với Hàn Quốc nhờ sự may mắn ở những phút cuối cùng.,"Kết quả hòa 2-2 trong bối cảnh bị dẫn 2 bàn trước Hàn Quốc vừa qua là tích cực, nhưng nhìn chung đội tuyển này vẫn rất yếu đuối khi phải xa nhà.",NEI,NEI,True
dev_2859,2859,"Buổi trao đổi với lãnh đạo nhiều tỉnh xoay quanh các vấn đề về quy hoạch, hạ tầng giao thông, phát triển công nghiệp đã diễn ra vào ngày 24-3.","Ngày 24-3, lãnh đạo tỉnh Bình Dương đã có buổi trao đổi với lãnh đạo nhiều tỉnh xoay quanh các vấn đề về quy hoạch, hạ tầng giao thông, phát triển công nghiệp…",Supported,Supported,True
dev_1955,1955,"Ngân hàng Nhà nước muốn sửa đổi quy định về mua, bán trái phiếu doanh nghiệp tại ngân hàng để có thể tác động tích cực đến thị trường dù vẫn còn một số điểm chưa được đề cập trong bối cảnh nợ xấu trái phiếu tăng từng ngày.","(Dân trí) - Quy định mới về việc ngân hàng mua, bán trái phiếu doanh nghiệp có thể tác động tích cực đến thị trường dù vẫn còn một số điểm chưa được đề cập trong bối cảnh nợ xấu trái phiếu tăng từng ngày.",Supported,NEI,False
dev_6998,6998,"Du lịch Việt Nam, du lịch Bình Thuận và Năm Du lịch quốc gia 2023 được quảng bá tại chương trình giới thiệu du lịch Việt Nam và các tuần văn hóa Việt Nam tại thị trường trọng điểm quốc tế (ASEAN, Đông Bắc Á, châu Âu, Ấn Độ, Australia, Mỹ...) trên sóng truyền hình VTV.","Truyền thông, quảng bá du lịch Việt Nam, du lịch Bình Thuận và Năm Du lịch quốc gia 2023 tại chương trình giới thiệu du lịch Việt Nam và các tuần văn hóa Việt Nam tại thị trường trọng điểm quốc tế (ASEAN, Đông Bắc Á, châu Âu, Ấn Độ, Australia, Mỹ...).",NEI,NEI,True
dev_2074,2074,"Ủy ban Tài chính, Ngân sách Quốc hội tổ chức hội thảo lấy ý kiến về chính sách tài chính đất đai và giá đất trong dự thảo Luật Đất đai sửa đổi vào ngày hôm qua 23/3, tại hội thảo đã liệt kê các khoản thu tài chính từ đất đai.","(PLO)- Đại diện Cục Quản lý Công sản - Bộ Tài chính cho rằng cần rà soát để quy định đầy đủ các khoản thu tài chính về đất đai và chỉnh sửa tên của từng khoản thu cho phù hợp. Hôm nay (23-3), Ủy ban Tài chính, Ngân sách Quốc hội tổ chức hội thảo lấy ý kiến về chính sách tài chính đất đai và giá đất trong dự thảo Luật Đất đai sửa đổi.",Refuted,NEI,False
dev_3581,3581,"Thượng tá Lê Mạnh Hà, Phó Trưởng Phòng Tham mưu, Công an TPHCM thông tin tới báo chí chiều 23/3 iải thích lý do không khởi tố 4 tiếp viên hàng không của Vietnam Airlines xách ma túy từ Pháp về Việt Nam.","Thượng tá Lê Mạnh Hà, Phó Trưởng Phòng Tham mưu, Công an TPHCM thông tin tại họp báo - Ảnh: VGP/Vũ Phong Chiều 23/3, thông tin tới báo chí, Thượng tá Lê Mạnh Hà, Phó Trưởng Phòng Tham mưu, Công an TPHCM giải thích lý do không khởi tố 4 tiếp viên hàng không của Vietnam Airlines xách ma túy từ Pháp về Việt Nam.",Supported,Supported,True
dev_2053,2053,"TP. Đà Nẵng cùng với TP. Nha Trang sẽ cố gắng nỗ lực thực hiện tốt sức mệnh bảo vệ và phát huy giá trị ""Ma nhai tại danh thắng Ngũ Hành Sơn"".","(PLO)- TP Đà Nẵng cam kết, sẽ nỗ lực để thực hiện tốt hơn nữa sứ mệnh bảo vệ và phát huy giá trị “Ma nhai tại danh thắng Ngũ Hành Sơn”.",NEI,Refuted,False
dev_6123,6123,"Tổng thống Vladimir Putin đã bị bắt giữ theo lệnh của Tòa án Hình sự Quốc tế (ICC), với những cáo buộc liên quan đến chiến dịch quân sự của Nga ở Ukraine.","(NLĐO) – Tòa án Hình sự Quốc tế (ICC) đã ban bố lệnh bắt giữ Tổng thống Vladimir Putin, với những cáo buộc liên quan đến chiến dịch quân sự của Nga ở Ukraine.",Supported,Supported,True
dev_6236,6236,Giám đốc Bệnh viện Việt Đức GS.TS Trần Bình Giang sinh năm 1987 khẳng định rằng tính mạng của người bệnh là quan trọng nhất và được đặt lên trên hết.,"Thông tin thêm về việc có bắt buộc đóng viện phí tại thời điểm cấp cứu hay không, GS.TS Trần Bình Giang, Giám đốc Bệnh viện Việt Đức khẳng định: “Tính mạng của người bệnh là quan trọng nhất và được đặt lên trên hết.",NEI,NEI,True
dev_2423,2423,Đội tuyển U20 Việt Nam đã có một khởi đầu rất tốt ở giải đấu này nhưng đáng tiếc là không thể vượt qua vòng loại khi phải đối đầu với đội bóng qua 7 lần tham dự đã từng giành 1 chức Á quân.,"(Chinhphu.vn) - Vào 17h chiều nay (1/3, giờ Việt Nam), ĐT U20 Việt Nam bước vào cuộc so tài đầu tiên tại vòng bảng Cúp Bóng đá U20 châu Á, gặp U20 Australia, đội bóng qua 7 lần tham dự đã từng giành 1 chức Á quân, 2 lần vào bán kết và 2 lần vào tứ kết.",NEI,Refuted,False
dev_6756,6756,"Sau thảm họa động đất này, có đến 5,3 triệu người tại Syria bị mất nhà, gần 900.000 người tại Thổ Nhĩ Kỳ và Syria cần thực phẩm, các nguy cơ về bệnh truyền nhiễm cũng được cảnh báo, trong đó nguy cơ lây lan dịch bệnh phát sinh từ thực phẩm và nước sinh hoạt thiếu vệ sinh được cho là nguy hiểm nhất và có khả năng ảnh hưởng đến các nước khác trong khu vực.","Hiệp hội Y tế Thổ Nhĩ Kỳ cảnh báo nguy cơ dịch bệnh truyền nhiễm lây lan sau động đất, đặc biệt là các bệnh phát sinh do thực phẩm và nước sinh hoạt không đảm bảo vệ sinh. Liên Hợp Quốc cho biết có tới 5,3 triệu người tại Syria mất nhà cửa sau trận động đất, trong khi có gần 900.000 người tại cả Thổ Nhĩ Kỳ và Syria cần thực phẩm.",NEI,NEI,True
dev_2707,2707,"Các khu vực tạm ngưng cung cấp nước gồm quận 10, 11, 12, Gò Vấp, Tân Bình, Tân Phú, Bình Tân và huyện Hóc Môn, Bình Chánh để thực hiện công tác bảo trì, bảo dưỡng định kỳ Nhà máy nước Tân Hiệp.","Các khu vực tạm ngưng cung cấp nước gồm quận 6, 8, 12, Gò Vấp, Tân Bình, Tân Phú, Bình Tân và huyện Hóc Môn, Bình Chánh. SAWACO cho biết do điều kiện đặc thù của vùng cung cấp nước nên thời gian phục hồi nước trên mạng lưới cấp nước tại một số nơi xa nguồn sẽ chậm hơn so với mốc thời gian chính nêu trên.",Refuted,Refuted,True
dev_6710,6710,"Các bạn trẻ và người dân cùng nhau thực hiện màn đồng diễn xếp chữ ""60 Hue"" bằng ánh đèn Flash lung linh tại phố đi bộ Nguyễn Huệ thu hút sự chú ý của những người đi đường.","Sau hiệu lệnh, tất cả đèn điện trong khu vực Bia Quốc Học và nhiều nơi tại TP.Huế được tắt, các bạn trẻ và người dân cùng nhau thực hiện màn đồng diễn xếp chữ ""60 Hue"" bằng ánh đèn Flash lung linh, thu hút sự chú ý của những người đi đường.",NEI,NEI,True
dev_3517,3517,"Ông Nguyễn Văn Bình, phố Hàng Vôi năm nay đã 60 tuổi khi nghe tin trung tâm 2903V mở lại nên ông vội vàng đưa xe đến xếp hàng vì xe ông đã hết hạn kiểm định gần một tuần.","Từ sáng sớm, hàng trăm phương tiện đã đến trước trung tâm 2903V xếp hàng chờ kiểm định. Ông Nguyễn Văn Bình, phố Hàng Vôi cho biết, xe ông đã hết hạn kiểm định gần một tuần phải để lại cơ quan thuộc quận Cầu Giấy, hàng ngày đi làm bằng xe máy.",NEI,NEI,True
dev_3266,3266,NASA là quốc gia duy nhất đưa robot lên Mặt trăng để thám hiểm.,"Mô hình xe tự hành Iris tại Viện Robotics, Đại học Carnegie Mellons - Ảnh: Đại học Carnegie Mellons Cho đến nay, Mỹ là quốc gia đầu tiên và duy nhất đưa con người lên Mặt trăng.",Refuted,Refuted,True
dev_6734,6734,Không rõ dịch vụ Chuyển vùng toàn cầu sẽ hoạt động tốt như thế nào do Starlink vẫn đang mở rộng mạng vệ tinh của mình.,"Trong email, SpaceX đề cập về việc kết nối internet khi chuyển vùng đôi lúc hoạt động kém hoặc mất tín hiệu do họ vẫn đang mở rộng mạng lưới vệ tinh. Ngoài ra, cũng tùy thị trường mà người dùng có thể phải trả thêm thuế, phí nhập khẩu thiết bị Starlink Kit.",NEI,Refuted,False
dev_1929,1929,"Mọi vấn đề liên quan đến tranh chấp đất đai và đền bù cho các hộ dân bị ảnh hưởng đã được giải quyết xong, dự án Đại lộ Bắc - Nam phía Đông đang triển khai thuận lợi.","Từ đó, làm ảnh hưởng đến công tác tổ chức thi công theo kế hoạch. Cao tốc Bắc - Nam phía Đông, giai đoạn 2021-2025 đoạn qua địa bàn tỉnh Hậu Giang hiện còn 20 đoạn tuyến mặt bằng ""xôi đỗ"" và vướng đường tiếp cận nên chưa triển khai thi công được, tổng chiều dài hơn 10,5km.",Refuted,NEI,False
dev_4203,4203,Đề án đặt mục tiêu đến năm 2020 hoàn thành xử lý toàn bộ hồ sơ tồn đọng trên địa bàn tỉnh Thanh Hóa.,"Tỉnh Thanh Hóa cần khoảng 300 tỷ đồng để hoàn thành xử lý 29.000 m tài liệu tồn đọng từ 1945 đến 2020, theo dự thảo đề án đang được xem xét.",Refuted,NEI,False
dev_6977,6977,"Trong tương lai, có rất nhiều ngành có thể bị máy móc và công nghệ thay thế, tuy nhiên việc làm bên ngành y tế vẫn cần phải được thực hiện bởi con người.","""Ngoài ra, các chuyên ngành liên quan đến môi trường, y tế và công nghệ cũng sẽ nóng trong tương lai.",NEI,NEI,True
dev_692,692,Bộ Tài chính đại diện Cục Quản lý Công sản cho rằng cần rà soát để quy định đầy đủ các khoản thu này và chỉnh sửa tên của mỗi khoản thu cho phù hợp.,"(PLO)- Đại diện Cục Quản lý Công sản - Bộ Tài chính cho rằng cần rà soát để quy định đầy đủ các khoản thu tài chính về đất đai và chỉnh sửa tên của từng khoản thu cho phù hợp. Hôm nay (23-3), Ủy ban Tài chính, Ngân sách Quốc hội tổ chức hội thảo lấy ý kiến về chính sách tài chính đất đai và giá đất trong dự thảo Luật Đất đai sửa đổi.",Supported,Supported,True
dev_3432,3432,"Quảng Trị từ lâu đã được biết đến là mảnh đất của sự kết nối, là cửa ngõ hướng ra biển Đông của 3 nước Đông Dương qua cảng Cửa Việt, cảng Mỹ Thủy.","Quảng Trị cũng là cửa ngõ hướng ra biển Đông của 3 nước Đông Dương qua cảng Cửa Việt, cảng Mỹ Thủy.",Supported,NEI,False
dev_4782,4782,"TP sẽ đầu tư nhiều sản phẩm du lịch mới ngoài tổ chức nhiều sự kiện lễ hội lớn, trong đó sẽ dành khoảng 800 tỉ đồng để thực hiện ""Dòng sông ánh sáng"" trên sông Hàn trong năm 2023.","Tại tọa đàm du lịch mùa xuân do UBND TP.Đà Nẵng tổ chức mới đây, Chủ tịch UBND TP Lê Trung Chinh cho biết trong năm 2023, ngoài tổ chức nhiều sự kiện lễ hội lớn, TP sẽ đầu tư nhiều sản phẩm du lịch mới, trong đó sẽ dành khoảng 400 tỉ đồng để thực hiện ""Dòng sông ánh sáng"" trên sông Hàn.",Refuted,Refuted,True
dev_5932,5932,"Đến với giải Asian Cup tại Qatar, tuyển Malaysia đang ráo riết nâng cấp đội hình, còn trong đợt tập trung đội tuyển theo lịch FIFA, tuyển Indonesia đá hai trận giao hữu lượt đi và về với tuyển Burundim và tuyển Indonesia đã giành chiến thắng 3-2.","Trong đợt tập trung đội tuyển theo lịch FIFA này, tuyển Indonesia đá hai trận giao hữu lượt đi và về với tuyển Burundi tại Indonesia.",NEI,Refuted,False
dev_1425,1425,"Hơn 600 tỷ đồng chi phí bồi thường, giải phóng mặt bằng, gần 4.000 tỷ đồng chi phí xây dựng, hơn 900 tỷ dành cho phí quản lý dự án, tư vấn và chi phí dự phòng trong tổng số vốn hơn 5.300 tỷ đồng.","Trong tổng số vốn hơn 5.300 tỷ đồng, hơn 600 tỷ đồng chi phí bồi thường, giải phóng mặt bằng, gần 4.000 tỷ đồng chi phí xây dựng, hơn 700 tỷ dành cho phí quản lý dự án, tư vấn và chi phí dự phòng.",Refuted,Refuted,True
dev_1453,1453,"Cách thủ đô La Habana 100 km về phía Đông, lễ an táng được tổ chức cùng ngày theo nghi thức gia đình tại nghĩa trang San Carlos de Matanzas do Đại tướng Raúl Castro và Chủ tịch Cuba Miguel Díaz-Canel dẫn đầu đội danh dự tang lễ.","Lễ an táng được tổ chức cùng ngày theo nghi thức gia đình tại nghĩa trang San Carlos de Matanzas, cách thủ đô La Habana 100 km về phía Đông. Trước đó, Cuba đã tuyên bố quốc tang và treo cờ rủ trong hai ngày 18 và 19/8 để tri ân những người đã ngã xuống khi làm nhiệm vụ trong thảm họa nói trên.",Supported,NEI,False
dev_788,788,Dù đã có thuốc đặc trị nhưng việc điều trị cho các bệnh nhân đã ăn món cá chép muối chua chứa chất kịch độc Botunium vẫn gặp nhiều khó khăn.,"TP - Với sự hỗ trợ chuyên môn từ các bác sĩ nhiều kinh nghiệm tại Bệnh viện Chợ Rẫy (TPHCM), nguyên nhân vụ ngộ độc tập thể tại Quảng Nam đã nhanh chóng được xác định. Các bệnh nhân đã ăn món cá chép muối chua chứa chất kịch độc Botunium, dù đã có thuốc đặc trị nhưng dự báo gặp nhiều khó khăn.",Supported,Supported,True
dev_3063,3063,"Thủ tướng hoanh nghênh USAID tiếp tục tăng ngân sách hỗ trợ phát triển cho Việt Nam trong 5 năm tiếp theo, đề nghị họ ưu tiên hỗ trợ giảm thiểu các tác hại biến đổi khí hậu tại Đồng bằng sông Cửu Long, nơi chịu những ảnh hưởng nặng nề nhất do biến đổi khí hậu tại Việt Nam.","Thủ tướng Phạm Minh Chính đề nghị USAID ưu tiên hỗ trợ giảm thiểu tác hại của biến đổi khí hậu tại Đồng bằng sông Cửu Long, khu vực chịu ảnh hưởng biến đổi khí hậu nặng nề nhất tại Việt Nam.",NEI,NEI,True
dev_7412,7412,Giám đốc Amway Việt Nam nhận giải thưởng doanh nghiệp có vốn đầu tư nước ngoài (FDI) tiên phong trong lĩnh vực chuyển đổi số tại Việt Nam từ Ban tổ chức.,(Chinhphu.vn) - Amway Việt Nam – thương hiệu toàn cầu về sức khỏe và sắc đẹp vinh dự được vinh danh là doanh nghiệp có vốn đầu tư nước ngoài (FDI) tiên phong trong lĩnh vực chuyển đổi số tại Việt Nam tại lễ trao giải thưởng Rồng Vàng 2023.,Refuted,Supported,False
dev_395,395,"TS. Phạm Quang Tú sinh năm 1880, Phó Giám đốc Tổ chức Oxfam Việt Nam nhận định có thể sẽ phải mất 10 năm hỗ trợ liên tục thì bà con mới ổn định được cuộc sống ở khu tái định cư thủy điện.","Có thể sẽ phải mất 10 năm hỗ trợ liên tục thì bà con mới ổn định được cuộc sống ở khu tái định cư thủy điện như TS. Phạm Quang Tú nhận định, song nếu không bắt đầu thực hiện các giải pháp quyết liệt ngay từ bây giờ, thì 10 năm sau, hoặc thậm chí là 20 năm sau, câu chuyện về các thôn, làng tái định cư thủy điện vẫn sẽ được nhắc lại, với những thiếu sót trong tái định cư.",NEI,NEI,True
dev_2347,2347,BTC đã lên tiếng việc hủy đêm nhạc của Hiền Hồ và Trịnh Thăng Bình do cả hai dính scandal.,"(Dân trí) - Đơn vị tổ chức mới đây đã lên tiếng việc hủy đêm nhạc của Hiền Hồ và Trịnh Thăng Bình. Sự kiện dự kiến diễn ra ngày 22/4 tại Quảng Ninh. Sáng 30/3, chia sẻ với Dân trí, phía BTC đêm nhạc của Hiền Hồ và Trịnh Thăng Bình xác nhận thông báo hủy diễn đêm nhạc ngày 22/4.",NEI,Refuted,False
dev_3948,3948,Vẫn chưa chắc chắn liệu các ngân hàng trung ương lớn sẽ tăng lãi suất để chống lạm phát hay ưu tiên ổn định tài chính trong bối cảnh căng thẳng hệ thống ngân hàng hiện nay.,“Điều chúng tôi thấy chưa rõ ràng là những căng thẳng trong hệ thống ngân hàng hiện nay chừng nào sẽ dẫn đến khủng hoảng tín dụng diện rộng.,NEI,NEI,True
dev_3562,3562,"N. ban đầu được cho là ở tại xã Bà Điểm, huyện Hóc Môn nhưng sau đó lẩn trốn xuống huyện Bình Chánh.","ban đầu được cho là ở tại xã Bà Điểm, huyện Hóc Môn nhưng sau đó lẩn trốn xuống huyện Củ Chi.",Refuted,Refuted,True
dev_4293,4293,"Vào tối ngày 24/3, Trung tướng Trần Võ Dũng đã chủ trì Hội nghị, trao quyết định công tác cán bộ cho đồng Chí Thượng tá Phan Thắng giữ chức vụ Chỉ huy trưởng Bộ CHQS tỉnh Thừa Thiên Huế.","Trung tướng Trần Võ Dũng và Trung tướng Hà Thọ Bình trao quyết định công tác cán bộ Sáng 24/3, thừa ủy quyền của Bộ Quốc phòng, Trung tướng Trần Võ Dũng, Bí thư Đảng ủy, Chính ủy Quân khu 4 chủ trì Hội nghị trao quyết định công tác cán bộ.",Refuted,Refuted,True
dev_7488,7488,Đến năm 2025 một số quận cũng chưa thể đạt chỉ tiêu do tính chất ưu tiên của nguồn vốn cần tập trung để làm việc khác.,Một số địa bàn do tính chất ưu tiên của nguồn vốn chưa tập trung đầu tư cho các dự án trường học.,Supported,NEI,False
dev_4490,4490,"Bị cáo Trần Ngọc Liên Ngân (31 tuổi, cựu nhân viên một chi nhánh ngân hàng ở Kon Tum, ngụ phường Thắng Lợi, TP Kon Tum) bị tuyên án chung thân về tội lừa đảo chiếm đoạt tài sản.","Ngày 22-3, TAND tỉnh Kon Tum xét xử sơ thẩm, tuyên án tù chung thân đối với bị cáo Trần Ngọc Liên Ngân (31 tuổi, cựu nhân viên một chi nhánh ngân hàng ở Kon Tum, ngụ phường Thắng Lợi, TP Kon Tum) về tội lừa đảo chiếm đoạt tài sản.",Supported,Supported,True
dev_2493,2493,"Tập đoàn East See là tập đoàn lớn thứ 2 trong nước đang tuyển nhân viên kinh doanh, dịch vụ vé máy bay với công việc cụ thể là quản lý, chăm sóc khách hàng và phối hợp điều hành công việc, lập kế hoạch bán hàng theo các chỉ tiêu của phòng kinh doanh.","Công việc cụ thể của người được tuyển dụng là quản lý, chăm sóc khách hàng và phối hợp điều hành công việc, lập kế hoạch bán hàng theo các chỉ tiêu của phòng kinh doanh...",NEI,NEI,True
dev_5450,5450,Giá vàng trong nước sáng 30/3 cũng có xu hướng giảm nhẹ khi đồng USD mạnh lên đẩy giá vàng thế giới đi xuống và giao dịch quanh mốc 67 triệu đồng/lượng.,"Khi đồng USD mạnh lên đẩy giá vàng thế giới đi xuống, giá vàng trong nước sáng 30/3 cũng có xu hướng giảm nhẹ và giao dịch quanh mốc 67 triệu đồng/lượng.",Supported,Refuted,False
dev_4265,4265,"Tại lễ kỷ niệm 20 năm thành lập SHTP cuối tháng 10-2022, Công ty CP Gremsy là một trong số ít doanh nghiệp (DN) công nghệ Việt tiêu biểu được chọn trưng bày, triển lãm sản phẩm, ông Trần Quốc Vinh 60 tuổi cho biết thời điểm Gremsy thành lập 10 năm trước, công ty đã vượt qua tất cả để phát triển đến quy mô ngày nay dù khó khăn tiếp cận nguồn vốn, thiếu nhân lực chuyên môn sâu, thiếu nhà cung cấp phụ trợ.","Về cơ hội trong tương lai, ông Trần Quốc Vinh cho biết thời điểm Gremsy thành lập 10 năm trước, dù khó khăn tiếp cận nguồn vốn, thiếu nhân lực chuyên môn sâu, thiếu nhà cung cấp phụ trợ nhưng công ty đã vượt qua tất cả để phát triển đến quy mô ngày nay.",NEI,NEI,True
dev_1874,1874,"Bệnh nhi được đưa đi làm xét nghiệm máu, xét nghiệm nước tiểu, xét nghiệm tiền mê khẩn, sau đó tiến hành gây mê để lấy pin điện tử.","Bệnh nhi được làm xét nghiệm tiền mê khẩn, sau đó tiến hành gây mê để lấy pin điện tử.",NEI,NEI,True
dev_6988,6988,"Mùa giải Premier League 2022 - 2023 được cho là kịch tính nhất trong lịch sử khi 20 CLB chiến đấu cho danh hiệu vô địch, suất tham dự cúp châu Âu và trụ hạng.","Mùa giải Premier League 2022 - 2023 được cho là kịch tính nhất trong lịch sử khi 20 CLB chiến đấu cho danh hiệu vô địch, suất tham dự cúp châu Âu và trụ hạng.",Supported,Supported,True
dev_6476,6476,Thông tin sự cố an toàn thực phẩm tại trường Tiểu học Kim Giang đã được Chi cục ATVSTP Hà Nội nhân vào ngày 29/3.,"Theo đó vào lúc 15h45p ngày 28/3, Chi cục ATVSTP Hà Nội nhận được thông tin sự cố an toàn thực phẩm tại trường Tiểu học Kim Giang, phường Kim Giang, quận Thanh Xuân Hà Nội từ Trung tâm y tế quận Thanh Xuân, Chi cục An toàn vệ sinh thực phẩm Hà Nội đã cử 2 đội phản ứng nhanh xuống nhà trường phối hợp các đơn vị liên quan khẩn trương hướng dẫn, điều tra.",Refuted,Refuted,True
dev_5784,5784,"Nhờ vào sự nỗ lực duy trì các hoạt động, củng cố tình cảm giữa các cán bộ nên Ban Liên Lạc đã được Chủ tịch nước khen thưởng.","Chủ tịch nước đánh giá cao Ban Liên lạc thời gian qua đã nỗ lực duy trì nhiều hoạt động có ý nghĩa, giúp thêm gắn kết tình cảm giữa các cựu cán bộ Đoàn để cùng sống vui, sống khỏe, sống có ích. Đặc biệt, các hoạt động đó đã góp phần bồi dưỡng, giáo dục truyền thống cách mạng, truyền cảm hứng về tinh thần dấn thân cho thế hệ trẻ cả nước.",NEI,Supported,False
dev_1908,1908,"Sau phiên điều trần, tổng thống Mỹ sẽ xem xét lại một lần nữa trước khi ban lệnh cấm TikTok vĩnh viễn trên đất Mỹ.","Theo Reuters, không rõ các hạ nghị sĩ Mỹ sẽ làm gì sau phiên điều trần, có thể là sẽ thông qua luật để củng cố quyền hạn pháp lý của chính quyền Tổng thống Joe Biden trong việc cấm TikTok.",NEI,NEI,True
dev_7235,7235,"Phúc Long tiếp cận khách hàng thông qua nhiều kênh bán hàng trực tuyến và chiếm 35% tổng doanh thu, trong đó cao nhất là thông qua Grabfood.","Trong cấu trúc doanh thu Phúc Long, doanh thu từ trà chiếm hơn 70% nhờ thương hiệu được yêu thích. Phúc Long cũng cho biết đã có những bước tiến trong việc tiếp cận khách hàng thông qua nhiều kênh, bao gồm dịch vụ giao hàng và tiêu dùng tại cửa hàng.",NEI,Refuted,False
dev_2456,2456,"Với chủ đề ""Đồng đội một thời và mãi mãi"" Lực lượng Thanh niên xung phong (TNXP) TP.HCM đã họp mặt kỷ niệm 47 năm Ngày thành lập Lực lượng TNXP (28.3.1976 - 28.3.2023) vào tối 28.3.","Tối 28.3 Lực lượng Thanh niên xung phong (TNXP) TP.HCM đã họp mặt kỷ niệm 47 năm Ngày thành lập Lực lượng TNXP (28.3.1976 - 28.3.2023) với chủ đề ""Đồng đội một thời và mãi mãi"".",Supported,Supported,True
dev_5152,5152,Bậc tiểu học và các cơ sở giáo dục khác được phép tổ chức hoạt động trải nghiệm cho học sinh khắp cả nước.,"Đặc biệt, với bậc tiểu học, các cơ sở giáo dục không tổ chức hoạt động trải nghiệm cho học sinh ra khỏi địa bàn TPHCM.",Refuted,Refuted,True
dev_794,794,"Có năm học sinh lớp 11 của Trường THPT Phú Nhuận (Q.Phú Nhuận, TP.HCM) đang ngồi ở cổng trường chờ xe đến đón.","Trường THPT Phú Nhuận có học sinh bị dụ dỗ, lừa đảo trước cổng trường ẢNH CỦA TRƯỜNG Cụ thể, trong lúc một học sinh lớp 12 của Trường THPT Phú Nhuận (Q.Phú Nhuận, TP.HCM) đang đứng ở cổng trường chờ người thân đến đón thì một người đàn ông lạ tiếp cận và nói: ""Ba con bị tai nạn, lên xe chú chở đến bệnh viện.",Refuted,Refuted,True
dev_5377,5377,Ông Patrushev phát biểu tại cuộc họp của Tổ chức Hợp tác Thượng Hải (SCO) cho biết Moscow cam kết ngăn chặn chiến tranh hạt nhân cũng như sự đối đầu giữa các cường quốc hạt nhân.,"""Nga nhận thấy sự cần thiết của việc phải ngăn chặn bất kỳ cuộc đối đầu quân sự nào giữa các quốc gia sở hữu vũ khí hạt nhân"", ông Patrushev phát biểu tại cuộc họp của Tổ chức Hợp tác Thượng Hải (SCO) ở New Delhi, Ấn Độ.",Supported,Refuted,False
dev_7301,7301,Ngành chăn nuôi Việt Nam đang rơi vào tình trạng khó khăn nhất và là ngành đóng góp lớn nhất vào GDP cả nước.,"TS Nguyễn Quốc Đạt - Phó Chủ tịch Hội Chăn nuôi Việt Nam - đánh giá, chưa bao giờ ngành chăn nuôi cả nước lâm vào tình trạng khó khăn như hiện nay.",NEI,NEI,True
dev_2197,2197,"Khi trở thành cầu thủ đầu tiên ghi được 100 bàn thắng tại các trận đấu quốc tế, Cristiano Ronaldo nói rằng kỷ lục là động lực của anh.","Đó cũng là bàn thắng thứ 120 kỷ lục của Ronaldo trong màu áo đội tuyển Bồ Đào Nha, giúp anh trở thành cầu thủ đầu tiên ghi được 100 bàn thắng tại các trận đấu quốc tế.",Supported,NEI,False
dev_362,362,Một cụ bà ở Cà Mau vừa được cắt bỏ bướu thận thành công.,"(Dân trí) - Một bệnh nhân bị bướu thận phải nguy hiểm vừa được bác sĩ của một bệnh viện ở tỉnh Bạc Liêu cắt bỏ thành công. Trước đó, bà h.T.Đ.",Supported,Supported,True
dev_2428,2428,"Theo Tướng ba sao Alexus Grynkewich tại Bộ Chỉ huy Trung tâm Mỹ (CENTCOM) trong khi tháng 2 là không lần nào và vào tháng 1 là 10 lần thì tính riêng trong tháng 3 này, máy bay quân sự Nga đã bay qua 25 lần.","Theo ông, tính riêng trong tháng 3 này, máy bay quân sự Nga đã bay qua 25 lần, trong khi tháng 2 là không lần nào và vào tháng 1 là 14 lần.",Refuted,Refuted,True
dev_5135,5135,Ngày chạy Olympic là hoạt động thể thao được thực hiện theo lời kêu gọi của Chủ tịch nước Nguyễn Xuân Phúc.,"Ngày chạy Olympic vì sức khỏe toàn dân là hoạt động thể thao thiết thực làm theo lời kêu gọi của Chủ tịch Hồ Chí Minh; tích cực đẩy mạnh cuộc vận động “Toàn dân rèn luyện thân thể theo gương Bác Hồ vĩ đại” được các quận, huyện, cơ quan, ban ngành đồng loạt hưởng ứng, tham gia.",Refuted,Refuted,True
dev_4243,4243,Tỉnh Thanh Hóa đề xuất tăng 29 phó giám đốc sở so với nghị định 107/2020.,"Nghị định 107/2020 quy định bình quân mỗi sở có 3 phó giám đốc, riêng TP Hà Nội và TP HCM được tăng thêm không quá 10 phó giám đốc.",Refuted,Refuted,True
dev_6471,6471,"Dự thảo quy định quận Tây Hồ là đầu mối quản lý, phối hợp với các sở, ngành thực hiện nhiệm vụ thay vì 9 đơn vị (6 sở, quận Tây Hồ và các phường) cùng quản lý khai thác Hồ Tây như thời gian qua.","Thay vì 8 đơn vị (6 sở, quận Tây Hồ và các phường) cùng quản lý khai thác Hồ Tây như thời gian qua, dự thảo quy định quận Tây Hồ là đầu mối quản lý, phối hợp với các sở, ngành thực hiện nhiệm vụ.",Refuted,Refuted,True
dev_3895,3895,Cha con nhà Griffin đã nhận được nhiều lời khen ngợi và sự thừa nhận từ những người trong ngành về khả năng làm việc.,Bộ đôi này đã nhận được nhiều lời khen ngợi và sự thừa nhận từ những người trong ngành về khả năng làm việc.,Supported,Supported,True
dev_6545,6545,Thi thể thiếu nữ được lực lượng cứu hộ tìm thấy sau hơn 24 giờ tìm kiếm dưới sông Hiếu.,"Tối 23-3, sau hơn 24 giờ tìm kiếm, người thân cùng lực lượng tìm kiếm cứu nạn đã tìm vớt được thi thể chị DTN (22 tuổi, quê xã Giang Sơn Đông, Đô Lương, Nghệ An) trên sông Hiếu.",Supported,Supported,True
dev_228,228,"Gen Z tại Việt Nam đang hướng đến lối sống lành mạnh, bao gồm các biện pháp tự nhiên như Trà Dr Thanh, để vượt qua những thách thức của cuộc sống hiện đại và luôn sảng khoái về thể chất cũng như tinh thần.",Đây chính là tinh thần “gét gô” của gen Z như tụi em.,Supported,NEI,False
dev_1969,1969,"Trước khi để trẻ nhỏ sử dụng công nghệ mới, một nguyên tắc tốt là bố mẹ dành thời gian cùng con cái làm quen với nó và sẽ rất tuyệt khi mỗi ngày, cha mẹ và con cái đều dành thời gian để kết nối với nhau.","Trước khi để trẻ nhỏ sử dụng công nghệ mới, một nguyên tắc tốt là bố mẹ dành thời gian cùng con cái làm quen với nó.",Supported,NEI,False
dev_3207,3207,"HLV thủ môn U23 Việt Nam, Ngô Việt Trung phải liên tục nhắc nhở thủ môn Huy Hoàng bình tĩnh và hô hào chỉ huy hàng thủ vì anh có đôi chút hồi hộp ở đầu trận đầu.","HLV thủ môn U23 Việt Nam, Ngô Việt Trung đã liên tục nhắc nhở Huy Hoàng phải bình tĩnh và hô hào chỉ huy hàng thủ.",Supported,NEI,False
dev_3224,3224,"Ma nhai tại Danh thắng Ngũ Hành Sơn có hệ thống gồm nhiều văn bản bằng chữ Hán và chữ Nôm được khắc trên đá với nội dung phong phú, đa dạng, cùng nhiều thể loại văn học từ đầu thế kỉ XVII đến thế kỉ XX.","Ma nhai tại Danh thắng Ngũ Hành Sơn là một hệ thống gồm 78 văn bản bằng chữ Hán và chữ Nôm (Hán Nôm) được khắc trên vách đá và hang động của Danh thắng Ngũ Hành Sơn, với nội dung đa dạng, hình thức độc đáo, cùng nhiều thể loại văn học của các vị vua, quan triều Nguyễn, cao tăng, trí thức, có niên đại trải dài từ nửa đầu thế kỷ XVII đến thế kỷ XX.",Supported,Refuted,False
dev_2977,2977,"Ông đã có bữa tối với các vị khách từ các nước Châu Á, chơi golf và nói với họ rằng ông đang có tâm trạng tốt, nhưng thực tế ông Trump đang lo sợ và tránh né truy tố trong hơn bốn thập niên, sau lần đầu tiên bị điều tra hình sự vào những năm 1970.","Tuy nhiên, báo New York Times cho rằng trái với sự tự tin bên ngoài, thực tế ông Trump đã lo sợ và tránh bị truy tố trong hơn bốn thập niên, sau lần đầu tiên bị điều tra hình sự vào những năm 1970.",NEI,NEI,True
dev_6204,6204,"Thiết bị hồng ngoại trung bình của James Webb đã đo sự thay đổi độ sáng khi hành tinh Trappist-1b di chuyển phía sau ngôi sao của nó, cho thấy nhiều nhận định khoa học đột phá.","Thiết bị hồng ngoại trung bình (MIRI) của James Webb đã đo sự thay đổi độ sáng khi hành tinh Trappist-1b di chuyển phía sau ngôi sao của nó, trong một hiện tượng được giới khoa học gọi là nhật thực thứ cấp. Nhà vật lý thiên văn Elsa Ducrot - một trong những tác giả của nghiên cứu trên - cho biết: ""Ngay trước khi bị che khuất phía sau ngôi sao, hành tinh này phát ra nhiều ánh sáng nhất, vì nó hầu như chỉ thể hiện mặt 'ban ngày' của nó"".",NEI,Supported,False
dev_1221,1221,"Vụ hỏa hoạn trên xảy ra khi Mexico và Mỹ đang đối mặt với tình trạng nhập cư mất kiểm soát, đồng thời đây được cho là vụ hỏa hoạn khiến nhiều người bị thương nhất Mexico trong nhiều năm gần đây.","Đây là một trong những vụ hỏa hoạn có nhiều người chết nhất ở Mexico trong nhiều năm qua, xảy ra giữa lúc nước này và Mỹ đang đối mặt tình trạng vượt biên với mức độ kỷ lục ở biên giới chung giữa hai nước.",Refuted,Refuted,True
dev_4856,4856,Cơ quan Quản lý Thực phẩm và Dược phẩm (FDA) của Mỹ đã sửa đổi giấy phép sử dụng khẩn cấp các vaccine mRNA và phê duyệt việc tiêm mũi vaccine thứ 2 .,"(Ảnh: AFP/TTXVN) Ngày 18/4, Cơ quan Quản lý Thực phẩm và Dược phẩm (FDA) của Mỹ đã sửa đổi giấy phép sử dụng khẩn cấp các vaccine mRNA ngừa COVID-19 thể lưỡng trị (bivalent) của các hãng Moderna và Pfizer-BioNTech, đồng thời phê duyệt việc tiêm mũi vaccine thứ 2 tăng cường loại này cho người cao tuổi và những người có hệ miễn dịch yếu.",Supported,Supported,True
dev_6087,6087,"Apple cũng thực hiện nâng cấp quan trọng là chuyển cảm biến tiệm cận, vốn được đặt phía dưới Dynamic Island trên iPhone 13 Pro và 13 Pro Max, vào bên trong nó, giúp Apple giảm chi phí sản xuất.","Apple cũng thực hiện nâng cấp quan trọng là chuyển cảm biến tiệm cận, vốn được đặt phía dưới Dynamic Island trên iPhone 14 Pro và 14 Pro Max, vào bên trong nó.",Refuted,Refuted,True
dev_5734,5734,"Tối ngày 28/3 tại TP. HCM, tại khu đô thị ở huyện Gia Lâm có chiếc Huyndai i10 dừng đỗ không đúng quy định tại khu vực nội bộ, dù được nhân viên bảo vệ nhắc nhở nhưng nam tài xế không chịu chấp hành.","Trước đó, khoảng 18h cùng ngày, chiếc Hyundai i10 dừng đỗ không đúng quy định tại khu vực nội bộ, thuộc một khu đô thị ở xã Đa Tốn, huyện Gia Lâm.",Refuted,Refuted,True
dev_170,170,"Việc phân bổ 11.400 máy tính bảng đến tay học sinh có hoàn cảnh khó khăn, hộ nghèo, học sinh có cha mẹ và người thân mất vì COVID-19 có tổng giá trị lên đến 70 tỷ đồng.","Việc phân bổ máy thực hiện theo đúng tinh thần chỉ đạo của Thủ tướng Chính phủ là trao đến tay học sinh có hoàn cảnh khó khăn, hộ nghèo, học sinh có cha mẹ và người thân mất vì COVID-19.",Refuted,NEI,False
dev_1092,1092,Bộ Y tế khuyến cáo người dân tránh ăn các món được làm từ thịt gà sống vì trong quá trình chế biến thịt không đảm bảo được vệ sinh.,"Bộ Y tế khuyến cáo người dân nên tránh các món chế biến từ thịt lợn chưa chín như nem chua, nem chạo, tiết canh…",Refuted,Refuted,True
dev_4904,4904,"Trước trận đấu mở màn vòng loại Euro 2024 của Les Blues trên sân nhà gặp Hà Lan vào ngày 5/7 sắp tới, tiền đạo Mbappe là người đã được Deschamps chọn làm đội trưởng mới vào thứ Ba.","Griezmann được cho là người có khả năng lớn kế nhiệm Lloris làm đội trưởng tuyển Pháp. Anh đã chơi 73 trận liên tiếp cho Pháp, chiếm phần lớn trong 117 lần ra sân ở cấp độ quốc tế của anh. Nhưng tiền đạo của Atletico Madrid đã bỏ lỡ vinh dự cao quý đó vào tay Mbappe, người đã được Deschamps chọn làm đội trưởng mới vào thứ Ba, trước trận đấu mở màn vòng loại Euro 2024 của Les Blues trên sân nhà gặp Hà Lan.",NEI,NEI,True
dev_3743,3743,"Giáo viên của một trường thuộc khu vực Hà Nội nêu ý kiến về việc giữ nguyên độ tuổi nghỉ hưu của giáo viên như trước đây (tức 60 với nam, 55 với nữ.","Là một giáo viên bước vào tuổi 60, tôi hoàn toàn đồng ý với việc đoàn đại biểu Quốc hội Hà Nội đề nghị sửa đổi luật, giữ nguyên độ tuổi nghỉ hưu của giáo viên như trước đây (tức 60 với nam, 55 với nữ).",NEI,Supported,False
dev_5665,5665,"Theo thông kê của FiinRatings, trong số 789.000 tỷ đồng trái phiếu doanh nghiệp phi ngân hàng đang lưu hành của 757 tổ chức phát hành và lượng trái phiếu doanh nghiệp mà ngân hàng đang sở hữu chỉ chiếm khoảng 1% tổng dư nợ.","Theo thống kê của FiinRatings, trong số 789.000 tỷ đồng trái phiếu doanh nghiệp phi ngân hàng đang lưu hành của 757 tổ chức phát hành, riêng 28 ngân hàng niêm yết sở hữu khoảng 256.000 tỷ đồng - khoảng 29% giá trị trái phiếu doanh nghiệp đang lưu hành. Tính tỷ trọng trên tổng dư nợ, lượng trái phiếu doanh nghiệp mà ngân hàng đang sở hữu chỉ chiếm khoảng 3% tổng dư nợ nhưng tổng tín dụng cho chủ đầu tư/kinh doanh bất động sản ở mức 807.000 tỷ đồng vào cuối năm 2022, tương ứng 7% tỷ trọng tổng dư nợ tín dụng toàn hệ thống.",Refuted,Refuted,True
dev_1716,1716,Cuba tuyên bố quốc tang để tri ân những người đã hy sinh trong vụ hoả hoạn tại kho chứa nhiên liệu bên vịnh Matanzas,"Cuba đã tuyên bố quốc tang và treo cờ rủ trong hai ngày 18 và 19/8 để tri ân những người đã ngã xuống khi làm nhiệm vụ trong thảm họa cháy kho kho nhiên liệu bên vịnh Matanzas - Ảnh: Granma.cu Đến sáng 6/8, lửa lan sang bể chứa thứ 2 và gây ra hàng loạt vụ nổ lớn khiến nhiều người mất tích và bị thương.",Supported,Refuted,False
dev_741,741,"Trong năm 2022, tăng 1.214 vụ so với năm 2021, toàn quốc đã xảy ra 7.718 vụ tai nạn lao động, làm 7.723 người bị nạn, 764 người chết.","Toàn quốc đã xảy ra 7.718 vụ tai nạn lao động (tăng 1.214 vụ so với năm 2021), làm 7.923 người bị nạn, 754 người chết.",Refuted,Refuted,True
dev_3287,3287,Ý tưởng tăng vốn của WB sẽ được thông qua kể cả sự phản đối của Mỹ.,Đề xuất này sẽ không được thông qua nếu thiếu sự ủng hộ của Mỹ - cổ đông chính của WB.,Refuted,Refuted,True
dev_6762,6762,"Trong buổi nói chuyện ngày 28.3 tại TP.HCM, bà Nguyễn Chi Lan đã chia sẻ những điều cha mẹ cần làm để giúp thế hệ Alpha không bị máy móc và công nghệ thay thế.","Những vấn đề về ""con người công nghệ"" được chia sẻ trong buổi nói chuyện với chủ đề ""Gen Z chưa qua Gen Alpha đã tới"" do VNPR, UAN phối hợp tổ chức vào sáng 28.3 tại TP.HCM.",Supported,NEI,False
dev_2952,2952,"Tình trạng đốt sống bị thoái hóa, thoát vị, gai xương gây chèn ép các dây thần kinh có thể dẫn tới thiếu máu lên não nếu không được phát hiện sớm.","Tình trạng đốt sống bị thoái hóa, thoát vị, gai xương gây chèn ép các dây thần kinh có thể dẫn tới thiếu máu lên não hoặc gây rối loạn việc truyền tín hiệu, từ đó dẫn tới các rối loạn như đau đầu, ù tai, chóng mặt, xây xẩm, buồn nôn, mất thăng bằng, tê cứng tay, chân, khó cầm nắm…",Supported,NEI,False
dev_1592,1592,"Giá vé phổ thông là 260.000-690.000 đồng mỗi lượt, vé VIP từ 390.000-980.000 đồng.","Giá vé phổ thông là 260.000-590.000 đồng mỗi lượt; vé cho người già, trẻ em 210.000-540.000 đồng; vé VIP từ 390.000-980.000 đồng.",Refuted,Refuted,True
dev_2234,2234,Matxcơva tạo điều kiện cấp giấy phép làm việc tại Nga cho các nhà công nghệ thông tin nước ngoài sau khi hàng ngàn nhân sự của Nga rời khỏi đất nước sau khi xung đột Ukraine bắt đầu.,"Matxcơva thông báo họ đang tạo điều kiện cấp giấy phép làm việc tại Nga cho các chuyên gia công nghệ thông tin nước ngoài, sau khi nhiều nhân sự trong nước đã rời đi vì chiến sự ở Ukraine.",Supported,NEI,False
dev_3862,3862,"Mục tiêu của dự án là phân loại, quản lý tài liệu lưu trữ thống nhất và sử dụng có hiệu quả.","Mục tiêu của đề án là phân loại khoa học, quản lý thống nhất và sử dụng hiệu quả tài liệu lưu trữ.",Supported,Supported,True
dev_2256,2256,Bộ Quốc phòng Nga tuyên bố đã bắn hạ một máy bay không người lái (UAV) của Ukraine bằng phương pháp tác chiến điện tử tại thị trấn Kireevsk thuộc vùng Tula của Nga.,(NLĐO) - Nga tuyên bố bắn hạ một chiếc máy bay không người lái (UAV) của Ukraine.,Supported,NEI,False
dev_3976,3976,Chủ tịch Quốc hội Vương Đình Huệ yêu cầu phải chú trọng chất lượng Báo cáo kết quả lấy ý kiến nhân dân đối với dự án Luật Đất đai với mục đích hoàn thiện hệ thống pháp luật đất đai phù hợp với thể chế kinh tế thị trường định hướng xã hội chủ nghĩa.,(Chinhphu.vn) – Chủ tịch Quốc hội Vương Đình Huệ yêu cầu phải chú trọng chất lượng Báo cáo kết quả lấy ý kiến nhân dân đối với dự án Luật Đất đai (sửa đổi).,NEI,NEI,True
dev_7264,7264,"Trên thế giới, có nhiều nhà máy điện hạt nhân khác đã xả tritium liên tục với lượng lớn, có thể lên đến gấp 10 lần của Nhật Bản, trong thời gian dài nhưng cũng không đe dọa người dân và môi trường.",Heysham xả tritium suốt 40 năm nhưng không đe dọa người dân hoặc môi trường.,NEI,NEI,True
dev_5186,5186,"Dù chơi đầy nỗ lực để tìm kiếm bàn thắng nhưng các chân sút Hà Lan như Depay, Xavi Ximons, Weghorst,... đều tỏ ra vô duyên, thậm chí tiền đạo Msalary còn bị phạt thẻ đỏ.","Dù chơi đầy nỗ lực để tìm kiếm bàn thắng nhưng các chân sút Hà Lan như Depay, Xavi Ximons, Weghorst,...",NEI,NEI,True
dev_839,839,"Năm 2021, tỉ lệ tiêm chủng nhiều loại vaccine ở nước ta đạt mức thấp nhất trong vòng 20 năm qua, trong đó tỉ lệ ống vaccine bOPV chỉ đạt 79,4%.","Lo ngại nguy cơ cao bệnh bại liệt hoang dại xâm nhập Việt Nam Theo Viện Vệ sinh dịch tễ Trung ương, trong năm 2021, 2022 do ảnh hưởng của dịch COVID-19, thực hiện giãn cách xã hội, nhiều địa phương đã phải tạm dừng triển khai tiêm chủng thường xuyên nên tỉ lệ tiêm chủng nhiều loại vaccine ở nước ta đạt mức thấp nhất trong vòng 20 năm qua.",Refuted,NEI,False
dev_6370,6370,"Sở Giao thông Vận tải TP.Đà Nẵng cũng đã triển khai các giải pháp mạnh như thường xuyên kiểm tra, phạt những đối tượng vi phạm, cấm ""xe dù"" hoạt động, nhằm ngăn chặn và tiến đến chấm dứt tình trạng ""xe dù"", chèo kéo, ""chặt chém"" khách.","Thanh tra Sở Giao thông Vận tải, lực lượng An ninh hàng không kiểm tra hoạt động xe chở khách tại sân bay Đà Nẵng NGUYỄN TÚ Sở Giao thông Vận tải TP.Đà Nẵng cũng đã triển khai các giải pháp mạnh, kịp thời, nhằm ngăn chặn và tiến đến chấm dứt tình trạng ""xe dù"", chèo kéo, ""chặt chém"" khách, đồng thời đề xuất UBND TP.Đà Nẵng giao sở này chủ trì, phối hợp Sở Du lịch, Trung tâm An ninh hàng không, Công an Q.Hải Châu…",NEI,Refuted,False
dev_1636,1636,Công tác chuẩn bị cho hoạt động Tư vấn mùa thi ở An Giang diễn ra sáng 19/3 đã sẵn sàng để tư vấn cho các bạn học sinh về các ngành nghề tương lai.,"Công tác chuẩn bị cho hoạt động Tư vấn mùa thi ở An Giang diễn ra sáng mai (19.3) tại Tp.Long Xuyên đã được Báo Thanh Niên phối hợp với các đơn vị liên quan hoàn tất, sẵn sàng hỗ trợ học sinh lớp 12 lựa chọn ngành nghề tương lai.",NEI,Supported,False
dev_4795,4795,"Các trung tâm đặt ra yêu cầu tuyển việc là phải có bằng cấp cao trong các kì thi tiếng Anh quốc tế, còn trình độ sư phạm chỉ là yếu tố ưu tiên.","Nhiều trung tâm rao tin tuyển dụng GV nhưng chỉ cần IELTS và xem nghiệp vụ sư phạm là yếu tố ưu tiên CHỤP MÀN HÌNH Mặt khác, chuyên gia đề nghị các trung tâm tiếng Anh ngoài việc ""siết"" yêu cầu tuyển dụng, cũng nên tạo cơ hội cho GV không chuyên được làm việc để phát triển chuyên môn, vì hiện tại không thiếu những khóa học nghiệp vụ sư phạm ngắn hạn.",Supported,NEI,False
dev_2433,2433,Chi phí của bộ sưu tầm dự kiến khoảng 10 triệu.,"Với bộ sưu tập đạt 9,3/10 điểm, Huy trở thành thủ khoa đồ án tốt nghiệp của ngành Thiết kế thời trang, trường Đại học Kiến trúc TP HCM.",NEI,NEI,True
dev_6224,6224,"Đại diện Công an TPHCM ông Trần Bá Hùng Đội trưởng đội điều tra khẳng định việc điều tra xem một người phạm tội hay không phải được thực hiện thận trọng, tập hợp đầy đủ chứng cứ.","Đại diện Công an TPHCM khẳng định việc điều tra xem một người phạm tội hay không phải được thực hiện thận trọng, tập hợp đầy đủ chứng cứ.",NEI,NEI,True
dev_2090,2090,"Đầu bếp Federico Pinzi đã kỳ vọng một đĩa spaghetti đậm hương vị Ý, nhưng món anh nhận được là một ""phiên bản kỳ quặc"" với sốt kem hơi nhão, không hương vị và được tô điểm bằng đậu Hà Lan.","Tuy nhiên, món anh nhận được là một ""phiên bản kỳ quặc"" với sốt kem hơi nhão, không hương vị và được tô điểm bằng đậu Hà Lan.",Supported,NEI,False
dev_3944,3944,Tháng 11/2022 có đến 6.000 cá nhân sở hữu trên 100 SIM và 300 cá nhân sở hữu trên 1.000 SIM.,"Trước đó, vào tháng 11/2022, khi giới thiệu về tổng đài 156 phản ánh cuộc gọi rác, Bộ Thông tin Truyền thông cũng xác nhận hiện có 5.710 cá nhân sở hữu trên 100 SIM, có 261 cá nhân sở hữu trên 1.000 SIM.",Refuted,Refuted,True
dev_4147,4147,Ngoại trưởng Ai Cập đã phát biểu trước 60 Bộ trưởng các nước trong đó có Việt Nam vào ngày 3/10 tại Kinshasa.,Ngoại trưởng Ai Cập Sameh Shoukry - Ảnh: cop27.eg Tuyên bố do Ngoại trưởng Ai Cập nêu trong bài phát biểu trước hơn 60 Bộ trưởng các nước dự hội nghị chuẩn bị cho COP27 khai mạc ngày 3/10 tại Kinshasa (thủ đô CHDC Congo).,NEI,Refuted,False
dev_2549,2549,"Kết quả xử lý, bằn chứng và lời khai của các đối tượng sẽ công khai trên website của cục An toàn thực phẩm.","Theo đó, tại đường link: https://nhathuocduclan.vn/la-han-qua-tana-khong-duong-hop-24-vien; https://nhathuocduclan.vn/la-han-qua-tana-hop-24-vien-ngam, quảng cáo thực phẩm bảo vệ sức khỏe Viên ngậm ho La Hán Quả Tana và thực phẩm bảo vệ sức khỏe Viên ngậm ho La Hán Quả Tana - không đường, nội dung quảng cáo không phù hợp với Giấy xác nhận nội dung quảng cáo đã được cấp. Sản phẩm vi phạm quy định của pháp luật về quảng cáo Cục An toàn thực phẩm đang phối hợp với các cơ quan chức năng xác minh, xử lý theo quy định hiện hành. Kết quả xử lý sẽ công khai trên website của cục tại địa chỉ: https://vfa.gov.vn/ và cổng công khai y tế tại địa chỉ https://congkhaiyte.moh.gov.vn/.",NEI,Supported,False
dev_2820,2820,Sở GTVT TP.HCM sẽ nâng cấp hệ thống đèn tín hiệu giao thông kết nối điều khiển tập trung về Trung tâm Quản lý điều hành giao thông đô thị bằng cách tối ưu hoạt động của hệ thống đèn tín hiệu giao thông khu vực trung tâm TP với Trung tâm Quản lý điều hành giao thông đô thị.,"(PLO)- Sở GTVT TP.HCM sẽ nâng cấp hệ thống đèn tín hiệu giao thông kết nối điều khiển tập trung về Trung tâm Quản lý điều hành giao thông đô thị với hàng loạt tuyến đường như Phạm Văn Đồng, quốc lộ 1, Xa lộ Hà Nội...",Supported,NEI,False
dev_1421,1421,"Vietjet tiếp tục mở đường bay thẳng TPHCM đến Brisbane sau Melbourne và Sydney, , kết nối với thành phố lớn thứ 3 - mệnh danh là New York của ""xứ sở chuột túi"".","(Chinhphu.vn) - Sau Melbourne và Sydney, Vietjet tiếp tục mở đường bay thẳng TPHCM đến Brisbane, kết nối với thành phố lớn thứ 3 - mệnh danh là New York của ""xứ sở chuột túi"".",Supported,Supported,True
dev_3671,3671,"Ông Patrushev cho biết Nga sẽ tiếp tục chiến dịch quân sự ở Ukraine cho đến khi đạt được tất cả các mục tiêu đề ra, trong khi ngày càng có nhiều tuyên bố từ các chính trị gia rằng Ukraine có thể không đạt được các mục tiêu đã công bố trước đó của cuộc phản công đã công bố khi nhận viện trợ từ EU.",Ông Patrushev cho biết Nga sẽ tiếp tục chiến dịch quân sự ở Ukraine cho đến khi đạt được tất cả các mục tiêu đề ra.,NEI,NEI,True
dev_5693,5693,"Một sự việc đã gây xôn xao toàn quốc Nhật Bản bởi một vụ kiện đã được khởi kiện bởi một nữ sinh 18 tuổi ở Osaka, yêu cầu trường học bồi thường 2,2 triệu yen (khoảng 400 triệu đồng) vì cho rằng bị sang chấn tâm lý khi bị liên tục yêu cầu nhuộm mái tóc màu nâu tự nhiên thành màu đen.","Một nữ sinh 18 tuổi ở Osaka, Nhật Bản đã khởi kiện, yêu cầu trường học bồi thường 2,2 triệu yen (khoảng 400 triệu đồng) vì cho rằng bị sang chấn tâm lý khi liên tục bị yêu cầu nhuộm mái tóc màu nâu tự nhiên thành màu đen.",Supported,NEI,False
dev_2390,2390,"Dự án thành phần 1, cao tốc Khánh Hòa - Buôn Ma Thuột sau khi hoàn thành sẽ giúp kết nối Tây Nguyên với đồng bằng duyên hải miền Trung, giúp chuyển nông sản của các tỉnh Tây Nguyên xuất khẩu thông qua cảng biển Vân Phong (Khánh Hòa) chỉ với hơn 1 tiếng chạy xe.",Đây cũng tuyến vận chuyển nông sản của các tỉnh Tây Nguyên xuất khẩu thông qua cảng biển Vân Phong (Khánh Hòa).,NEI,NEI,True
dev_7251,7251,"60 hộ dân thuộc tổ 17, phường Yên Nghĩa, quận Hà Đông, Hà Nội bị nứt nhà vì dự án nhà chung cư CT4 do Tổng công ty Đầu tư phát triển nhà và đô thị Bộ Quốc phòng làm chủ đầu tư, thi công xảy ra rung chấn.","Nhà dân phải ""chống nạng"" sau những trận rung lắc - Ảnh: Q.THẾ Như đã phản ánh, dự án nhà chung cư CT4 do Tổng công ty Đầu tư phát triển nhà và đô thị Bộ Quốc phòng làm chủ đầu tư, thi công. Trong quá trình ép cọc công trình, rất nhiều lần xảy ra rung chấn khiến 58 hộ dân (tổ 17, phường Yên Nghĩa, quận Hà Đông, Hà Nội) bị nứt nhà.",Refuted,NEI,False
dev_3801,3801,"Ủy viên Trung ương Đảng, Bí thư Tỉnh ủy Vân Nam ông Vương Ninh đang có chuyến thăm Việt Nam và đồng chủ trì Hội nghị giữa Bí thư Tỉnh ủy các tỉnh Hà Giang, Lào Cai, Lai Châu, Điện Biên của Việt Nam với tỉnh Vân Nam, Trung Quốc.","Ông Vương Ninh, Ủy viên Trung ương Đảng, Bí thư Tỉnh ủy Vân Nam đang có chuyến thăm Việt Nam và đồng chủ trì Hội nghị giữa Bí thư Tỉnh ủy các tỉnh Hà Giang, Lào Cai, Lai Châu, Điện Biên của Việt Nam với tỉnh Vân Nam, Trung Quốc.",Supported,Supported,True
dev_2235,2235,"Nước dừa là một loại nước trái cây giải khát rất được ưa chuộng mà hầu như mọi người đều có thể dùng, tuy nhiên chúng ta nên tìm hiểu thêm về việc sử dụng nước dừa đúng cách.","TS-BS. Nguyễn Thị Sơn, Bệnh viện Đại học Y Dược TP.HCM - Cơ sở 3, trả lời: Hầu hết chúng ta đều biết rằng uống nước dừa đem đến nhiều lợi ích cho cơ thể, tuy nhiên chúng ta nên tìm hiểu thêm về việc sử dụng nước dừa đúng cách, để đảm bảo cải thiện sức khỏe thật tốt.",NEI,Supported,False
dev_2127,2127,"Ủy ban tiếp nhận nguyên trạng 18 tập đoàn kinh tế, tổng công ty nhà nước, hoạt động trong 6 ngành quan trọng đó là giáo dục, tài chính ngân hàng, viễn thông, nông nghiệp, kết cấu hạ tầng và công nghiệp theo quy định tại Nghị định số 131/2018/NĐ-CP ngày 29/9/2018 của Chính phủ.","Uỷ ban cần tăng cường chức năng phản biện Theo quy định tại Nghị định số 131/2018/NĐ-CP ngày 29/9/2018 của Chính phủ, Ủy ban tiếp nhận nguyên trạng 19 tập đoàn kinh tế, tổng công ty nhà nước, hoạt động trong 6 ngành quan trọng, có tính chất lan tỏa, dẫn dắt nền kinh tế bao gồm: Năng lượng, tài chính ngân hàng, viễn thông, nông nghiệp, kết cấu hạ tầng và công nghiệp. Bộ trưởng Bộ KH&ĐT Nguyễn Chí Dũng nhận định, tình hình đầu tư của các doanh nghiệp này cũng đạt được kết quả bước đầu.",Refuted,Refuted,True
dev_436,436,Chính phủ Trung Quốc đã không đáp lại lời kêu gọi của nhóm SAGO về sự minh bạch trong việc chia sẻ dữ liệu và tiến hành các cuộc điều tra cần thiết.,"“Chúng tôi tiếp tục kêu gọi TQ minh bạch trong việc chia sẻ dữ liệu, tiến hành các cuộc điều tra cần thiết và chia sẻ kết quả điều tra” - ông nói thêm.",NEI,Refuted,False
dev_4571,4571,"Người dân nuôi chó, mèo được yêu cầu phải đăng ký, nhốt trong khuôn viên gia đình, rọ mõm khi thả ra ngoài và tâm sự với chúng để hạn chế cắn người.","Yêu cầu người dân nuôi loại động vật này đăng ký và phải nhốt trong khuôn viên gia đình. Khi thả vật nuôi ra ngoài đường thì phải rọ mõm, xích và có người dắt.",NEI,NEI,True
dev_2430,2430,Ông T. được điều trị ở bệnh viện địa phương nhưng không thuyên giảm nên được chuyển sang bệnh viện Hoàn Mỹ để phẫu thuật.,"bị đau, khó cử động vùng ngực, hông lưng, cánh tay; được đưa vào bệnh viện địa phương nhưng đau đớn và khó thở không thuyên giảm.",Supported,Refuted,False
dev_606,606,Đội tuyển U23 Việt Nam xếp cuối bảng tại Doha Cup 2023 và bộc lộ những điểm yếu ở khả năng phòng ngự cũng như tấn công.,"Toàn thua qua 3 lượt đấu và xếp cuối bảng chung cuộc tại Doha Cup 2023 (Qatar), đội tuyển U23 Việt Nam dưới thời tân HLV trưởng Philippe Troussier đã bộc lộ nhiều khuyết điểm cần khắc phục Màn thử nghiệm đấu pháp, đánh giá năng lực chuyên môn cầu thủ, rà soát lực lượng tuyển U23 Việt Nam thông qua giải đấu giao hữu Doha Cup 2023 của HLV Troussier đã kết thúc hôm 29-3.",Supported,Supported,True
dev_160,160,Gen Alpha được coi là những 'con người công nghệ' vì thế hệ này được sinh ra và lớn lên trong một thế giới kết nối với sự phổ biến của các thiết bị di động và mạng internet.,"""Thế hệ này được sinh ra và lớn lên trong một thế giới kết nối với sự phổ biến của các thiết bị di động và mạng internet.",Supported,NEI,False
dev_3941,3941,"Chủ tịch Hiệp hội bất động sản Thành phố Hồ Chí Minh ông Lê Hoàng Châu sinh năm 1980 đánh giá, Nghị quyết số 33 lần này đặc biệt có tác dụng vực dậy niềm tin thị trường.","Quan trọng nhất là phải ổn định hệ thống tài chính để hỗ trợ cho nền kinh tế; phải có lúc lãi suất tiền gửi thấp thì dòng tiền mới chảy mạnh vào hoạt động sản xuất - kinh doanh” – chuyên gia này phân tích. Liên quan đến Nghị quyết số 33, ông Lê Hoàng Châu - Chủ tịch Hiệp hội bất động sản Thành phố Hồ Chí Minh đánh giá, Nghị quyết lần này đặc biệt có tác dụng vực dậy niềm tin thị trường.",NEI,NEI,True
dev_4257,4257,K’Thi Rầm đã có cuộc sông vô cùng khó khăn khi cả cha và mẹ của cô đều gặp nạn khi cô chưa trưởng thành.,"Sau khi trao ảnh ở đầu cầu Sông Do, K’Thi Rầm đã mời tác giả Hữu Thành cùng nhóm nghệ sĩ nhiếp ảnh đến nhà thăm gia đình. Suốt buổi gặp gỡ, K’Thi Rầm liên tục cảm ơn và cho rằng không ngờ mình có vinh dự này nhưng tác giả Hữu Thành cho rằng mình mới chính là người phải cảm ơn nhân vật.",Supported,NEI,False
dev_6837,6837,"TP dự định triển khai phầm mềm quản lý tiến độ công trình giao thông trọng điểm trong TP và phối hợp với các trường đại học, viện ngiên cứu, đẩy mạnh hợp tác liên kết giữa các đối tác liên quan để chủ động nắm bắt, tiếp nhận chuyển giao và ứng dụng vào công tác điều hành giao thông cũng như các chương trình giáo dục đại chúng.","Bên cạnh đó là đẩy mạnh hợp tác, liên kết giữa các đối tác liên quan, giữa các Trung tâm Quản lý điều hành giao thông để chủ động nắm bắt, tiếp nhận chuyển giao và ứng dụng vào công tác quản lý, điều hành giao thông.",NEI,NEI,True
dev_4322,4322,Ông Ajay Banga sẽ được bầu làm Chủ tịch mới của WB bất chấp sự phản đối của Tổng thống và Bộ Tài chính.,"Bà cũng hy vọng ứng viên Ajay Banga do Mỹ đề cử sẽ được bầu làm Chủ tịch WB, với trọng trách cải tổ lại ngân hàng này để ứng phó tốt hơn với các thách thức của thế kỷ 21, bao gồm khí hậu, các đại dịch và xung đột.",Refuted,Refuted,True
dev_350,350,Hành vi mổ lợn không có giấy phép có thể bị xử án hình sự.,Bà Như tổ chức giết mổ lợn nhưng không có giấy chứng nhận vệ sinh thú y.,NEI,NEI,True
dev_1217,1217,"Việc bầu trời đêm sáng lên làm cản trở việc quan sát của đài chiêm tinh, tuy nhiên lại giúp họ ít tốn kém hơn trong việc sửa chữa và cải tạo.","Điều này khiến quá trình khảo sát của đài thiên văn này phải kéo dài thêm gần 1 năm, gây tốn kém 21,8 triệu USD. Ông John Barentine, đồng tác giả nghiên cứu, làm việc tại Công ty tư vấn Dark Sky (Mỹ), còn cảnh báo một hậu quả khác chưa thể tính toán được, đó là những hiện tượng thiên văn mà nhân loại không bao giờ quan sát được do bầu trời đêm sáng hơn.",Refuted,Refuted,True
dev_5714,5714,Trong thời gian ngắn nhưng hiện tượng các đối tượng lạ mặt tiếp cận học sinh đã xuất hiện tại 3 trường học ở Vinh khiến nhà trường và phụ huynh cảm thấy không yên tâm.,"Trong thời gian ngắn nhưng 3 trường Tiểu học trên địa bàn (trường Tiểu học Bến Thủy, Hồng Sơn và Hưng Bình), có hiện tượng các đối tượng lạ tiếp cận học sinh ở cổng trường.",Supported,Refuted,False
dev_4492,4492,"Bộ NN&PTNT giữ ý kiến huy động nguồn lực xã hội tham gia, bao gồm hỗ trợ một phần về cơ chế, chính sách của Nhà nước và mong muốn rút ngắn thời gian thực hiện.","Quan điểm của Bộ NN&PTNT là huy động nguồn lực xã hội tham gia, trong đó có hỗ trợ một phần về cơ chế, chính sách của Nhà nước, huy động nguồn lực của doanh nghiệp, hợp tác xã, các tổ chức quốc tế và tổ chức tín dụng để hỗ trợ cho các chủ thể sản xuất"", Thứ trưởng Trần Thanh Nam nhấn mạnh. Đỗ Hương",NEI,NEI,True
dev_1935,1935,Trong lúc Bảo thi có gặp 2 hay 3 câu giống y như đã làm.,"Còn ở những câu vận dụng cao, mình làm đều đặn mỗi ngày 1-2 câu của từng môn nên lúc thi cũng gặp được những dạng tương tự"", Bảo chia sẻ thêm.",NEI,Refuted,False
dev_163,163,"Tình hình thế giới và trong nước thời gian tới còn diễn biến phức tạp về mặt tội phạm kinh tế, tham nhũng với tỷ lệ gia tăng lên đến 20%.","Theo Chủ tịch nước, tình hình thế giới và trong nước thời gian tới còn diễn biến phức tạp, nhiều khó khăn.",NEI,NEI,True
dev_2339,2339,"Theo hãng tin AFP, ngày 22-3, bất chấp sự chậm trễ của Hungary và Thổ Nhĩ Kỳ trong việc phê chuẩn tư cách thành viên cho Stockhom, Quốc hội Thụy Điển đã bỏ phiếu ủng hộ việc gia nhập Tổ chức Hiệp ước Bắc Đại Tây Dương (NATO).","Ngày 22-3, Quốc hội Thụy Điển đã bỏ phiếu ủng hộ việc gia nhập Tổ chức Hiệp ước Bắc Đại Tây Dương (NATO) bất chấp sự chậm trễ của Hungary và Thổ Nhĩ Kỳ trong việc phê chuẩn tư cách thành viên cho Stockhom, theo hãng tin AFP. Với kết quả 269 phiếu thuận và 37 phiếu chống, Quốc hội Thụy Điển chính thức thông qua dự luật gia nhập NATO.",Supported,Supported,True
dev_611,611,"Mạng xã hội TikTok đang phải chịu áp lực ở Châu Âu và Mỹ về mối liên hệ giữa công ty mẹ của TikTok là ByteDance với chính quyền Trung Quốc, điều đó đang làm cho nền tảng TikTok bị suy giảm người dùng và có nguy cơ phá sản.",TikTok đang chịu áp lực ở Mỹ và châu Âu về mối liên hệ giữa công ty mẹ của nó là ByteDance với chính quyền Trung Quốc.,NEI,NEI,True
dev_3681,3681,"Giúp kết nối các tỉnh Nam Trung Bộ với Tây Nguyên, phát triển kinh tế ở khu vực, dự án thành phần 1 cao tốc Khánh Hoà – Buôn Ma Thuột dài hơn 31 km đã được phê duyệt.","Dự án thành phần 1 cao tốc Khánh Hoà – Buôn Ma Thuột dài hơn 31 km, giúp kết nối các tỉnh Nam Trung Bộ với Tây Nguyên, phát triển kinh tế ở khu vực.",Supported,Supported,True
dev_6717,6717,Sau 14 ngày thí sinh sẽ nhận được phiếu báo điểm thông qua bưu điện VNPost.,Phiếu báo điểm của thí sinh được gửi tới cho thí sinh sau 14 ngày thi qua đường bưu điện.,NEI,NEI,True
dev_997,997,"Trong chương trình kêu gọi hỗ trợ với Việt Nam thì Việt Nam được tài trợ lên đến 70% phí, không trùng với hỗ trợ của AFD.","Ảnh: VGP/TL Về chương trình kêu gọi hỗ trợ, với Việt Nam, mức tài trợ lên 50% phí dự án, không trùng lặp với hỗ trợ của Cơ quan Phát triển Pháp (AFD) vì có sự khác biệt về loại dự án; khoản hỗ trợ không tài trợ các dự án cơ sở hạ tầng mà chủ yếu tập trung vào các dự án về con người, đào tạo, nâng cao nhận thức, giáo dục…",Refuted,Refuted,True
dev_656,656,"Phó Thủ tướng đánh giá cao đóng góp của các tri thức Việt Nam vào mối quan hệ hữu nghị của 2 nước, đồng thời cũng mong muốn họ có trách nhiệm, và tuân thủ pháp luật sở tại.","Phó Thủ tướng Trần Hồng Hà mong muốn cộng đồng người Việt Nam tại Nhật Bản ""luôn tâm huyết, có nhiều tiến bộ, khẳng định là cộng đồng văn hoá, có trách nhiệm, tuân thủ pháp luật sở tại"" - Ảnh: VGP/Minh Khôi Tại buổi gặp gỡ, Phó Thủ tướng đánh giá cao đóng góp của các trí thức Việt Nam vào mối quan hệ hữu nghị, hợp tác tin cậy, cởi mở, có sự đồng cảm về văn hóa, con người, truyền thống giữa Việt Nam - Nhật Bản.",Supported,NEI,False
dev_3306,3306,"Về việc chuẩn bị cho việc đàm phán hợp đồng mua bán điện và giá điện, đã có tới 5 chủ đầu tư gửi hồ sơ, nên chúng tôi yêu cầu các chủ đầu tư nên ngừng nộp hồ sơ cho bên mua bán điện.","Trên cơ sở đó, chúng tôi đề nghị các chủ đầu tư nhanh chóng nộp hồ sơ cho bên mua bán điện.",Refuted,Refuted,True
dev_786,786,"Với sự đổi mới và thú vị, ChatGPT được nhiều người dùng để trao đổi thông tin trực tiếp thông qua hình thức chủ yếu là hỏi đáp, dựa trên những cơ sở dữ liệu thu thập được trên internet, các trang mạng xã hội, website từ năm 2021 trở về trước.","ChatGPT giúp người dùng trao đổi trực tiếp thông qua hình thức hỏi đáp là chính với những cơ sở dữ liệu thu thập được trên internet, mạng xã hội, các trang web kể từ năm 2021 trở về trước.",Supported,NEI,False
dev_3155,3155,Tổng thống Ukraine Volodymyr Zelensky phát biểu tại một cuộc họp của Hội đồng châu Âu hôm 23/3 kêu gọi sự hỗ trợ của phương Tây để đảm bảo chiến thắng của Kiev trước các đợt tấn công của Nga.,(Dân trí) - Tổng thống Ukraine Volodymyr Zelensky kêu gọi sự hỗ trợ của phương Tây để đảm bảo chiến thắng của Kiev trước các đợt tấn công của Nga.,Supported,NEI,False
dev_7228,7228,"Vì cầm dao đánh nhau với Hoàng, bà P. đã bị đánh gục tại chỗ.","Hậu quả, bà P. đã bị Hoàng đánh gục tại chỗ.",Refuted,Refuted,True
dev_6165,6165,"Thổng thống Florida Ron DeSantis, cùng là thành viên Đảng Cộng hòa với ông Trump, chỉ trích rằng quyết định truy tố là ""Vũ khí hóa hệ thống pháp luật để thúc đẩy một chương trình nghị sự chính trị"".","Thống đốc Florida Ron DeSantis, người được coi là đối thủ cạnh tranh hàng đầu của ông Trump cho đề cử của đảng Cộng hòa, chỉ trích rằng quyết định truy tố là ""vũ khí hóa hệ thống pháp luật để thúc đẩy một chương trình nghị sự chính trị"".",NEI,Refuted,False
dev_1892,1892,"Hà Tĩnh có 8 giải Nhất, 25 giải Nhì, 19 giải Ba và 17 giải Khuyến khích trong số 70 học sinh đoạt giải tại Kỳ thi này, Phó Hiệu trưởng Trường Trung học Phổ thông Chuyên Hà Tĩnh, cô giáo Nguyễn Thị Mỹ Bình cho biết.","Chia sẻ về những thành tích ấn tượng của học sinh Hà Tĩnh tại Kỳ thi học sinh giỏi quốc gia năm học 2022 - 2023, cô giáo Nguyễn Thị Mỹ Bình, Phó Hiệu trưởng Trường Trung học Phổ thông Chuyên Hà Tĩnh cho biết, trong số 69 học sinh đoạt giải tại Kỳ thi này, Hà Tĩnh có 8 giải Nhất, 25 giải Nhì, 19 giải Ba và 17 giải Khuyến khích. Nhiều em là học sinh có hoàn cảnh khó khăn, gia đình ở các huyện miền biển, vùng núi, sống nội trú nhưng đã tự lập vươn lên giành được kết quả ấn tượng.",Refuted,Refuted,True
dev_5823,5823,"Virus Marburg là một bệnh truyền nhiễm cấp tính và nguy hiểm, có thể truyền từ động vật sang người và từ người sang người.",Đây là một bệnh truyền nhiễm cấp tính do virus Marburg gây ra.,Supported,NEI,False
dev_4335,4335,Chi phí cho việc số hóa tài liệu lưu trữ cao hơn chi phí xử lý tài liệu tồn đọng.,"Theo tính toán, các địa phương cần 304 tỷ đồng từ ngân sách để thực hiện hai phần việc: Chỉnh lý tài liệu tồn đọng và số hóa tại kho lưu trữ lịch sử tỉnh. Dự toán kinh phí chỉnh lý tài liệu tại 20 sở, ban, ngành cấp tỉnh và 27 huyện thị, thành phố tiêu tốn hơn 256 tỷ đồng.",Refuted,Refuted,True
dev_5530,5530,"UBND Q.Ba Đình (Hà Nội) mới phát đi cảnh báo các hiện tượng lừa đảo nhằm vào học sinh tiểu học bị dụ hút thuốc lá điện tử, rủ thêm bạn sẽ được cho tiền.","UBND Q.Ba Đình (Hà Nội) mới phát đi cảnh báo các hiện tượng lừa đảo nhằm vào học sinh, trong đó có hiện tượng học sinh tiểu học bị dụ hút thuốc lá điện tử, rủ thêm bạn sẽ được cho tiền.",Supported,Supported,True
dev_375,375,"Khả Ngân là cô em út trong ""Gia đình mình vui bất thình lình"" cô chỉ mới 25 tuổi, cũng là diễn viên trẻ nhất đoàn phim nên cô luôn pha trò và có những bức ảnh hậu trường hài hước.","Là cô em út trong ""Gia đình mình vui bất thình lình"" cũng là diễn viên trẻ nhất đoàn phim nên Khả Ngân luôn pha trò và có những bức ảnh hậu trường hài hước.",NEI,NEI,True
dev_1436,1436,Hằng năm đều có các đánh giá về giá thành lúa gạo để có chính sách liên quan nên việc người dân trồng lúa có lợi nhuận trên 100% là thông tin chưa chính xác.,"""Chính vì vậy, chúng tôi cho rằng trong nhiều năm Chính phủ cũng như các địa phương phấn đấu trên dưới 30% lợi nhuận trong sản xuất lúa thì phù hợp. Hằng năm Bộ Tài chính và Bộ Nông nghiệp và Phát triển nông thôn đều có đánh giá về giá thành lúa gạo để có chính sách liên quan"" - ông, Lê Văn Đức, phó cục trưởng Cục Trồng trọt nói.",Supported,Refuted,False
dev_3830,3830,"BS Lê Văn Dũng sin h năm 1997, Phó khoa Phẫu thuật - Gây mê hồi sức cho biết khó khăn nhất trong quá trình điều trị là che phủ được tạng phía dưới của bệnh nhân.",Khó khăn nhất trong quá trình điều trị là che phủ được tạng phía dưới của bệnh nhân.,NEI,NEI,True
dev_4701,4701,Phó Thủ tướng Chính phủ Lê Văn Thành được bổ nhiệm làm Trưởng Ban Chỉ đạo liên ngành hội nhập quốc tế về kinh tế theo Quyết định số 596/QĐ-TTg của Thủ tướng Chính phủ.,"Theo đó, sửa đổi khoản 1 và khoản 2 Điều 1 về nhân sự tại Quyết định số 596/QĐ-TTg của Thủ tướng Chính phủ về việc thành lập Ban Chỉ đạo quốc gia về hội nhập quốc tế như sau: Trưởng Ban Chỉ đạo quốc gia là Thủ tướng Chính phủ Phạm Minh Chính. Phó Trưởng Ban Chỉ đạo quốc gia là các Phó Thủ tướng Chính phủ: Lê Văn Thành, Trần Hồng Hà, Trần Lưu Quang.",Supported,Refuted,False
dev_1158,1158,Phương án thi tốt nghiệp THPT mới sẽ tác động không nhỏ đến chất lượng giáo dục phổ thông ở Việt Nam.,"Lấy kết quả thi để xét công nhận tốt nghiệp THPT và làm một trong các cơ sở để đánh giá chất lượng dạy, học của các cơ sở giáo dục phổ thông và công tác chỉ đạo của các cơ quan quản lý giáo dục.",NEI,Supported,False
dev_6412,6412,"Để thực hiện một số giao dịch khi còn nhỏ, trẻ em Mỹ được cấp hộ chiếu ngay tại bệnh viện lúc mới sinh ra.","Bây giờ, trẻ mới sinh ra được cấp hộ chiếu ngay bởi vì đây là yêu cầu quốc tế.",NEI,NEI,True
dev_7222,7222,"Luyện và vợ thừa nhận hành vi của mình, những thửa đất trong dự án đều là những thửa đất ""ma"".","Tất cả các thửa đất trong những dự án này đều có giấy chứng nhận quyền sử dụng, ghi rõ nguồn gốc...",Refuted,NEI,False
dev_6416,6416,"Noru là cơn bão số 11 và là cơn bão mạnh nhất đổ bộ Philippines từ đầu năm tới nay, đến sáng 26/9, Noru đang di chuyển về phía tây Biển Đông, mỗi giờ đi được 30 km, với sức gió 150 km/h.","Sau khi đổ vào Philippines, bão Noru đã suy yếu dần, song vẫn được đánh giá là cơn bão mạnh. Đến sáng 26/9, Noru đang di chuyển về phía tây Biển Đông, mỗi giờ đi được 30 km, với sức gió 140 km/h. Dự báo chiều tối ngày 27/9, bão Noru sẽ ảnh hưởng trực tiếp đến vùng ven biển và đổ bộ vào đất liền khu vực Trung Bộ của Việt Nam.",Refuted,Refuted,True
dev_4405,4405,Điện ảnh Việt Nam có bề dày lịch sử hơn 70 năm và đã cho ra đời nhiều bộ phim đoạt giải thưởng.,"Ở trong nước, hàng trăm giải thưởng quốc gia được trao tặng cho các bộ phim truyện, phim tài liệu, phim khoa học, phim hoạt hình trong 22 lần tổ chức Liên hoan phim Việt Nam và hàng trăm giải thưởng cho cá nhân các nghệ sĩ điện ảnh. Trong 10 năm trở lại đây, ngành điện ảnh Việt Nam đã kịp thời nắm bắt thời cơ đổi mới và hội nhập quốc tế, tổ chức thực hiện những dự án sản xuất, phát hành phim theo mô hình xã hội hóa.",Supported,Refuted,False
dev_6759,6759,HĐND tỉnh đã miễn nhiệm chức danh Ủy viên UBND tỉnh đối với 2 giám đốc Sở để nghỉ hưu.,(PLO)- HĐND tỉnh đã miễn nhiệm chức danh Ủy viên UBND tỉnh đối với 2 giám đốc Sở để nghỉ hưu.,Supported,Supported,True
dev_6629,6629,"Theo Bộ trưởng Bộ Thể thao Nga Oleg Matytsin, các điều kiện do Ủy ban Olympic quốc tế (IOC) đưa ra đối với các vận động viên Nga và Belarus là phù hợp và cho rằng đó là việc phân biệt đối xử đối với các vận động viên.","Đoàn người biểu tình trước trụ sở của Ủy ban Olympic quốc tế (IOC) tại Lausanne, Thụy Sĩ ngày 25-3 vừa qua nhằm phản đối các vận động viên Nga tham gia thi đấu tại các giải đấu quốc tế - Ảnh: AP Theo tờ Izvestia, Bộ trưởng Bộ Thể thao Nga Oleg Matytsin đã lên tiếng chỉ trích dữ dội chỉ một ngày sau khi Ủy ban Olympic quốc tế (IOC) đưa ra khuyến nghị về việc để các vận động viên Nga và Belarus trở lại các giải thi đấu quốc tế với tư cách vận động viên trung lập. Theo Bộ trưởng Matytsin, các điều kiện do IOC đưa ra đối với các vận động viên Nga và Belarus là không phù hợp. Đồng thời đó là việc phân biệt đối xử đối với các vận động viên.",Refuted,Supported,False
dev_6131,6131,"Để được nhận bảo lĩnh đối với một cá nhân thì cần phải có giấy cam đoan xác nhận của chính quyền địa phương, trong giấy cam đoan thì cá nhân được bảo lãnh phải cam đoan không để bị can, bị cáo vi phạm của các nghĩa vụ quy định.","Cá nhân nhận bảo lĩnh phải làm giấy cam đoan có xác nhận của chính quyền xã, phường, thị trấn nơi người đó cư trú hoặc cơ quan, tổ chức nơi người đó làm việc, học tập. Trong giấy cam đoan, cá nhân nhận bảo lĩnh phải cam đoan không để bị can, bị cáo vi phạm các nghĩa vụ quy định như: có mặt theo giấy triệu tập, không bỏ trốn hoặc tiếp tục phạm tội; không mua chuộc, cưỡng ép, xúi giục người khác khai báo gian dối; không đe dọa, khống chế, trả thù người làm chứng, bị hại...",Supported,Supported,True
dev_113,113,"Sông băng là trụ cột của đa dạng sinh học, nuôi dưỡng hệ sinh thái và một nửa nhân loại phụ thuộc rất nhiều vào các con sông băng.","Các sông băng cũng là trụ cột của đa dạng sinh học, nuôi dưỡng nhiều hệ sinh thái.",Supported,NEI,False
dev_825,825,"Trong thông tư sửa đổi về quy chế thi tốt nghiệp THPT, năm 2023, thí sinh không được phép mang máy ghi âm, ghi hình vào phòng thi như các năm trước.","Theo đó, kỳ thi tốt nghiệp THPT 2023, bỏ quy định cho phép thí sinh mang máy ghi âm, ghi hình vào phòng thi.",Supported,Refuted,False
dev_4504,4504,"Các thông số kỹ thuật được dùng theo thiết kế kỹ thuật của dự án gần nhất, bên cạnh đó sản lượng lớn nhất trong hồ sơ thiết kế cơ sở và hồ sơ thiết kế kỹ thuật (nếu có) là sản lượng tính toán.","Ngoài ra, sản lượng tính toán là sản lượng lớn nhất trong hồ sơ thiết kế cơ sở và hồ sơ thiết kế kỹ thuật (nếu có)...",Supported,NEI,False
dev_354,354,"Theo AFP, Ronaldo hiện là cầu thủ ghi nhiều bàn thắng nhất tại các vòng chung kết Euro và dự đoán trong tương lai sẽ khó có ai phá được kỷ lục của anh.","Theo AFP, Ronaldo hiện là cầu thủ ghi nhiều bàn thắng nhất tại các vòng chung kết Euro với 14 bàn thắng và đã lập kỷ lục 140 bàn tại Champions League.",NEI,NEI,True
dev_361,361,Bà L. và bà H. đều từ chối giám định thương tích vì bị ông Đ. uy hiếp.,"Cả 2 người này đều từ chối giám định thương tích. Ngoài hình phạt với ông Đ., Công an huyện Mỹ Đức cũng đã xử phạt vi phạm hành chính đối với bà Ng.Th.L.",NEI,NEI,True
dev_5236,5236,"Đối với các tổ hợp có môn Vẽ Mỹ thuật, nhà trường quy định tổng điểm môn Toán của thí sinh với điểm môn Vẽ Mỹ thuật phải đạt từ 14 điểm trở lên.","Riêng với các tổ hợp có môn Vẽ Mỹ thuật, nhà trường quy định tổng điểm môn Toán của thí sinh với điểm môn Vẽ Mỹ thuật phải đạt từ 12 điểm trở lên.",Refuted,Refuted,True
dev_6359,6359,"Ban Chỉ đạo quốc gia và Ban Chỉ đạo liên ngành hội nhập quốc tế có nhiệm vụ giúp Chỉnh phủ, Thủ tướng Chính phủ chỉ đạo triển khai các chủ trương, chính sách lớn về hội nhập quốc tế.","Bên cạnh đó, Ban Chỉ đạo có nhiệm vụ giúp Chính phủ, Thủ tướng Chính phủ chỉ đạo các bộ, cơ quan ngang bộ, cơ quan thuộc Chính phủ, UBND các tỉnh, thành phố trực thuộc Trung ương, triển khai các chủ trương, chính sách lớn về hội nhập quốc tế; giải quyết những vấn đề quan trọng, liên ngành liên quan đến hội nhập quốc tế; đồng thời giúp Chính phủ, Thủ tướng Chính phủ phối hợp, đôn đốc các bộ, cơ quan ngang Bộ, cơ quan thuộc Chính phủ, UBND các tỉnh, thành phố trực thuộc Trung ương, trong việc triển khai đồng bộ các chủ trương chính sách về hội nhập quốc tế.",NEI,Supported,False
dev_3171,3171,Mùa giải năm nay cho phép mỗi CLB đăng kí 2 suất cho thành viên nước ngoài đã được cấp giấy phép lao động.,"Để thi đấu ở Việt Nam, các ngoại binh cần được cấp giấy phép lao động, thủ tục này mất 2 tháng nên các CLB chưa kịp hoàn tất thủ tục đăng ký ngoại binh cho giai đoạn lượt đi Giải futsal HDBank VĐQG 2023.",Refuted,NEI,False
dev_2914,2914,Các đối tượng giả mạo sẽ không trực tiếp giả dạng thành giáo viên mà họ sẽ giả thành nhân viên BV gọi cho phụ huynh để báo tin con bị tai nạn.,"Các đối tượng mạo danh là giáo viên hoặc nhân viên BV liên hệ trực tiếp với phụ huynh để báo tin con bị tai nạn và yêu cầu chuyển gấp tiền để đóng viện phí, phẫu thuật.",Refuted,Refuted,True
dev_4278,4278,"Dự lễ ký kết hợp tác phát triển du lịch giai đoạn 2023-2025 có sự góp mặt của Chủ tịch UBND tỉnh Bình Định và Chủ tịch Saigontourist Group cùng với sự tham gia của đại diện TP.HCM, tỉnh Bình Định.","Dự lễ ký kết có ông Phạm Anh Tuấn, Chủ tịch UBND tỉnh Bình Định và ông Phạm Huy Bình, Chủ tịch Saigontourist Group, cùng với sự tham gia của đại diện lãnh đạo TP.HCM, tỉnh Bình Định. Ông Phạm Anh Tuấn, Chủ tịch UBND tỉnh Bình Định (bên trái) và ông Phạm Huy Bình, Chủ tịch Saigontourist Group (bên phải) ký kết hợp tác THANH QUÂN Theo thỏa thuận, hai bên sẽ cùng phối hợp triển khai các hoạt động hợp tác tư vấn phát triển chiến lược, quy hoạch, kế hoạch dài hạn, trung hạn và ngắn hạn trong lĩnh vực du lịch; hợp tác đầu tư xây dựng các sản phẩm, dịch vụ du lịch mới tại Bình Định và các sản phẩm liên kết vùng.",Supported,NEI,False
dev_7097,7097,"Để nhanh làm quen với bóng thi đấu chính thức của các cầu thủ U23 Việt Nam HLV đã thực hiện giáo án rèn luyện kĩ năng kiểm soát bóng và phối hợp nhỏ ít chạm, đồng thời yêu cầu các tuyển thủ tăng đeo bám, thu hồi bóng từ đối phương nhanh chóng, tập các bài chiến thuật.",Ông thầy người Pháp cũng yêu cầu các tuyển thủ U23 Việt Nam tích cực đeo bám và thu hồi bóng từ chân đối phương một cách nhanh nhất.,Supported,Refuted,False
dev_2520,2520,"Dấu hiệu đặc biệt của ung thư phổi là giảm cân rất nhanh vì người bệnh bị biếng ăn, không thể dung nạp dưỡng chất, ngoài ra ho cũng là dấu hiệu gặp trong ung thư phổi nhưng cũng có thể là dấu hiệu của nhiều bệnh lý khác.","Tuy nhiên, ho là dấu hiệu gặp trong ung thư phổi nhưng ho cũng biểu hiện rất nhiều bệnh lý khác.",NEI,NEI,True
dev_7269,7269,"Ý kiến ""học đại học rồi cũng đi làm thuê"" đã nhận lại phản ứng dữ dội của nhiều sinh viên Trường ĐH Ngoại ngữ - Tin học TPHCM (HUFLIT) của diễn giả đến nói chuyện tại chương trình của trường.","(Dân trí) - Nhiều sinh viên Trường ĐH Ngoại ngữ - Tin học TPHCM (HUFLIT) phản ứng dữ dội trước ý kiến ""học đại học rồi cũng đi làm thuê"" của diễn giả đến nói chuyện tại chương trình của trường.",Supported,Supported,True
dev_1306,1306,"Jessica Whalley đột ngột ngã quỵ và không thể cứu sống đã khiến cho bạn bè, gia đình, đồng nghiệp, bạn trai thương tiếc vô cùng.",Cô đột ngột ngã quỵ và không thể cứu sống Nhiều người thương tiếc Jessica Whalley,NEI,NEI,True
dev_6212,6212,Dù nhà có 1 ha điều nhưng đang mất mùa và do điều mất giá nên cuộc sống khá bấp bênh.,"Dù nhà có 1 ha điều nhưng đang mất mùa nên cuộc sống khá bấp bênh. Vừa qua, trong lần đi nhặt điều thuê cùng mẹ, Bin bị té gãy tay.",NEI,NEI,True
dev_6312,6312,Phim điện ảnh “Biệt đội rất ổn” do nữ diễn viên Lê Khánh thủ vai sẽ ra rạp từ ngày 31-4.,(NLĐO) – Nữ diễn viên Lê Khánh tái xuất màn ảnh rộng với vai diễn nữ đại gia miền Tây Tư Xoàn trong phim điện ảnh “Biệt đội rất ổn”.,Refuted,NEI,False
dev_1640,1640,"Bị cáo Võ Thùy Linh bị tuyên phạt 3 năm tù về tội ""Che giấu tội phạm"", các đồng phạm bị tuyên phạt từ 1 năm 6 tháng và 2 năm tù.","Về tội ""Che giấu tội phạm"", bị cáo Lê Thị Tuyết bị tuyên phạt 3 năm tù, các đồng phạm bị tuyên phạt từ 1 năm 6 tháng và 2 năm tù.",Refuted,Refuted,True
dev_3181,3181,"Do còn nhiều vướng mắc trong thủ tục thực hiện, chưa kể chỉ mới có 1/85 chủ đầu tư nên việc Tập đoàn Điện lực Việt Nam (EVN) phối hợp với chủ đầu tư các nhà máy điện chuyển tiếp để thỏa thuận, thống nhất giá điện trước ngày 31-3 là nhiệm vụ bất khả thi.","Việc Tập đoàn Điện lực Việt Nam (EVN) phối hợp với chủ đầu tư các nhà máy điện chuyển tiếp để thỏa thuận, thống nhất giá điện trước ngày 31-3 là nhiệm vụ bất khả thi do còn nhiều vướng mắc trong thủ tục thực hiện, chưa kể chỉ mới có 1/85 chủ đầu tư.",Supported,Supported,True
dev_4413,4413,Linh chia sẻ nỗi buồn khi bị hạ hạnh kiểm.,Nguyễn Khánh Linh,NEI,NEI,True
dev_5054,5054,"Vì có kỹ năng leo núi xuất sắc, ông Krempf, cộng sự của Alexandre Yersin đã hoàn thành nhiệm vụ lên 1 đỉnh núi Hòn Bà ở độ cao khoảng 1.500m.","Yersin viết: ""Nhờ kỹ năng của một nhà leo núi xuất sắc, ông ấy (tức Krempf - PV) đã hoàn thành nhiệm vụ này, khi men theo sườn núi phía Bắc.",Supported,NEI,False
dev_5049,5049,Nếu triển khai việc cấp CCCD cho trẻ thì phải trải qua quá trình xét duyệt của cơ quan lãnh đạo và thời hạn năm năm phải đổi một lần.,Nếu triển khai việc cấp CCCD cho trẻ thì thời hạn sẽ không giống người lớn mà có thể năm năm phải đổi một lần.,NEI,NEI,True
dev_7008,7008,"Một trong những nguyên nhân chính gây suy gan là do gan nhiễm mỡ, căn bệnh thường gặp ở những người lạm dụng rượu bia, béo phì và ít vận động.","TPO - Gan nhiễm mỡ là căn bệnh thường gặp ở những người lạm dụng rượu bia, béo phì và ít vận động.",Supported,Supported,True
dev_5610,5610,Dùng quét mã QR để nhận tiền mừng cưới đã diễn ra tại đám cưới của chủ rể Vi Đình Quyết và cô dâu Hà Thị Vân.,"Sân vận động bản Khe Rạn, xã Bồng Khê, huyện miền núi Con Cuông (Nghệ An) nhộn nhịp hơn khi là nơi diễn ra đám cưới của chú rể Vi Đình Quyết (SN 1991) và cô dâu Hà Thị Vân (1997).",Supported,Refuted,False
dev_5517,5517,"Hà Nội buông lỏng việc đảm bảo trật tự an toàn giao thông, trật tự đô thị, để vỉa hè, hè phố bị sử dụng bừa bãi làm bãi đỗ xe.","Báo cáo về công tác kiểm tra, quản lý sử dụng hè phố, lòng đường, Phó chủ tịch UBND TP Hà Nội Dương Đức Tuấn cho biết tính đến hết ngày 25-3, Ban chỉ đạo 197 TP đã kiểm tra, xử lý 24.300 trường hợp vi phạm về trật tự an toàn giao thông (tăng 5.553 trường hợp so với cùng thời gian liền kề trước đó), phạt thành tiền 50,5 tỉ đồng.",Refuted,NEI,False
dev_4906,4906,"Bác sĩ trực khoa Tai mũi họng nhanh chóng thăm khám, chỉ định chụp X-quang cho bệnh nhi, sau đó xác định dị vật trong mũi nghi là pin điện tử dạng cúc áo, vô cùng nguy hiểm, cần phải được lấy ra càng sớm càng tốt.","Bác sĩ trực khoa Tai mũi họng nhanh chóng thăm khám, chỉ định chụp X-quang để xác định vị trí dị vật.",Supported,NEI,False
dev_1405,1405,"NIS nói rằng Kim Ju-ae có anh trai và em, nhưng chưa rõ là em gái hay trai và không rõ liệu Kim Ju-ae có anh chị em nào ngoài một người anh trai và một người em chưa xác định được giới tính hay không.","NIS nói rằng Kim Ju-ae có anh trai và em, nhưng chưa rõ là em gái hay trai.",NEI,NEI,True
dev_355,355,"Do sự phát triển nhanh, nên nhu cầu sử dụng năng lượng, đặc biệt là điện năng tại Việt Nam ngày càng tăng cao.","TSKh. Phan Xuân Dũng, Chủ tịch Liên hiệp các Hội Khoa học và Kỹ thuật Việt Nam cho rằng, Việt Nam là một nước đang phát triển, tốc độ tăng trưởng cao, vì thế nhu cầu sử dụng năng lượng, đặc biệt là điện năng ngày càng tăng cao.",Supported,Supported,True
dev_2289,2289,Kỳ họp dự kiến bế mạc vào ngày 13/3 sẽ xem xét các báo cáo của Chính phủ... và bầu chọn và quyết định một số chức danh lãnh đạo Nhà nước Trung Quốc.,"Theo chương trình nghị sự kỳ họp được công bố ngày 4/3, ngoài việc xem xét các báo cáo của Chính phủ..., kỳ họp sẽ bầu chọn và quyết định một số chức danh lãnh đạo Nhà nước Trung Quốc.",Supported,Refuted,False
dev_1481,1481,Lễ hội du lịch golf lần đầu được tổ chức tại TP.HCM ngày 29-3.,"Sự kiện lần đầu tiên được tổ chức, do Sở Du lịch TP.HCM chủ trì, phối hợp Hiệp hội Du lịch golf Việt Nam (thành lập tháng 4-2019) thực hiện.",Supported,Refuted,False
dev_2784,2784,"Trong khi châu Âu, chỉ số FTSE 100 của London (Anh) tăng 1,1% lên 7.564,27 điểm thì tại New York (Mỹ), chỉ số công nghiệp Dow Jones tăng 5% lên 32.717,60 điểm.","Tại New York (Mỹ), chỉ số công nghiệp Dow Jones tăng 1% lên 32.717,60 điểm.",Refuted,Refuted,True
dev_3881,3881,Trong quá trình làm hồ sơ thừa kế quyền sử dụng đất Tuyến đã hưởng hoa hồng từ hồ sơ đó.,"Trong quá trình làm hồ sơ thừa kế quyền sử dụng đất cho một hộ dân trên địa bàn phường, Tuyến có liên quan đến việc nhận hối lộ với số tiền hơn 100 triệu đồng.",Refuted,Refuted,True
dev_3870,3870,"Vào ngày 2/4, cử tri ở Andorra sẽ bầu quốc hội mới, tuy nhiên các cuộc thăm dò ở Andorra rất hiếm khi được công bố vì lý do bảo mật nghiêm ngặt ở quốc gia này.",Các cuộc thăm dò ở Andorra rất hiếm khi được công bố.,NEI,NEI,True
dev_3682,3682,"Cháu A Phước không may mắn đã tử vong ở bệnh viện, những bệnh nhân còn lại đang được tích cực điều trị, trong đó có bệnh nhân phải thở máy.",Những nạn nhân còn lại đang được tiếp tục điều trị tại bênh viện.,NEI,NEI,True
dev_6573,6573,Đội tuyển bóng đá nữ CHDCND Triều Tiên đã bị xóa tên khỏi hệ thống xếp hạng của FIFA theo bảng xếp hạng (BXH) thế giới mới nhất được cập nhật ngày 24-3.,"Theo bảng xếp hạng (BXH) thế giới mới nhất được cập nhật ngày 24-3, đội tuyển bóng đá nữ CHDCND Triều Tiên đã bị xóa tên khỏi hệ thống xếp hạng của FIFA.",Supported,Refuted,False
dev_3711,3711,Tổng thống Sheikh Mohammed đã bổ nhiệm các em trai của mình là ông Sheikh Mansour bin Zayed Al Nahyan vào chức phó tổng thống UAE và Sheikh Tahnoun bin Zayed Al Nahyan làm cố vấn an ninh quốc gia của UAE.,Ông Sheikh Mohammed cũng bổ nhiệm em trai Sheikh Tahnoun bin Zayed Al Nahyan làm cố vấn an ninh quốc gia của UAE và trao cho ông quyền kiểm soát hoạt động kinh doanh dầu mỏ.,Supported,NEI,False
dev_1535,1535,"Những ngày đầu tiên đứng lớp, chị Hoa khiến sinh viên bất ngờ vì quá trẻ và nhận không ít phàn nàn về độ tuổi của mình.","Những ngày đầu tiên đứng lớp, chị Hoa khiến sinh viên bất ngờ vì quá trẻ.",NEI,NEI,True
dev_7544,7544,Đường dây nóng là trụ cột của Cơ chế Liên lạc trên biển và trên không để phòng ngừa những va chạm ngẫu nhiên trên biển và trên không giữa Trung Quốc và Nhật Bản.,Đường dây nóng là trụ cột của Cơ chế Liên lạc trên biển và trên không giữa Trung Quốc và Nhật Bản để phòng ngừa những va chạm ngẫu nhiên trên biển và trên không giữa Lực lượng Phòng vệ Nhật Bản và Quân đội Trung Quốc.,Supported,Refuted,False
dev_5713,5713,Nhà nghiên cứu tên Yossi Yovel đã ghi lại âm thanh và video của gần 50 con dơi ở Ai Cập trong hai tháng rưỡi và điều chỉnh một chương trình nhận dạng giọng nói để phân tích 15.000 âm thanh.,Một nhà nghiên cứu tên Yossi Yovel đã ghi lại âm thanh và video của gần 20 con dơi ở Ai Cập trong hai tháng rưỡi.,Refuted,Refuted,True
dev_7290,7290,"Voi thường xuyên bị lạm dụng trong việc di chuyển đường dài, khai thác gỗ và thậm chí bị chết vì kiệt sức và suy dinh dưỡng.","Họ cho biết, chúng cũng thường xuyên bị lạm dụng trong các hoạt động khác như di chuyển đường dài và khai thác gỗ.",Supported,NEI,False
dev_5120,5120,"Việc phát huy lợi thế là Top 1 MCN TikTok năm 2020 và 2022 với giải thưởng Content Partner Of The Year, MCV Group chưa tiến hành mở rộng hệ thống các ngôi sao sáng tạo nội dung với hơn 500+ KOLs.","Từ việc phát huy lợi thế là Top 1 MCN TikTok năm 2020 và 2022 với giải thưởng Content Partner Of The Year, MCV Group tích cực mở rộng hệ thống các ngôi sao sáng tạo nội dung với hơn 500+ KOLs, KOCs để xây dựng các kênh bán hàng, tiếp cận hàng triệu khách hàng tiềm năng là những khán giả trung thành của kênh. Ngoài ra, MCV chọn lọc và hợp tác chiến lược với các thương hiệu uy tín, sản phẩm đa dạng và chất lượng để tối ưu doanh thu và lợi nhuận của mô hình mua sắm kết hợp giải trí này.",Refuted,Refuted,True
dev_6358,6358,Cha của nam sinh viên trên ở Trung Quốc đã qua đời ba năm trước do bị bệnh nan y.,Nam sinh cho biết anh rất nhớ cha nên đã gửi tin nhắn vào số điện thoại của cha - Ảnh minh họa: THỜI BÁO HOÀN CẦU Cha của nam sinh viên trên ở Trung Quốc đã qua đời ba năm trước.,NEI,NEI,True
dev_6039,6039,Để tạo điều kiện cho các học sinh nghèo có thành tích học tập tốt thì có 2 trường đại học trao tặng các suất học bổng và tài trợ các thiết bị học tập.,"Để tạo điều kiện cho các học sinh nghèo có thành tích học tập tốt, có ý chí vươn lên trong cuộc sống có điều kiện đến lớp, dịp này Trường ĐH Công nghiệp TP.HCM và Trường ĐH FPT Cần Thơ cũng trao tặng 10 suất học bổng Nguyễn Thái Bình cho học sinh trên địa bàn tỉnh An Giang.",Supported,NEI,False
dev_4788,4788,"Bác sĩ chẩn đoán có 50% nguy cơ sảy thai vì cường độ công việc cao khiến cô thường xuyên khó thở khiến nữ diễn viên lo lắng, tự chất vấn bản thân, cảm thấy có lỗi, cô tạm ngừng tất cả công việc, tập trung nghỉ ngơi.","Cường độ công việc cao khiến cô thường xuyên khó thở, bác sĩ chẩn đoán có 10% nguy cơ sảy thai khiến nữ diễn viên lo lắng, tự chất vấn bản thân đang làm gì với con.",Refuted,Refuted,True
dev_6564,6564,"Giải đấu cờ vua tranh cúp Siêu tốc Bá vương đã tạo được sân chơi trí tuệ chất lượng cho học sinh Hà Nội, các tuyển thủ có cơ hội gặp gỡ các bạn bè ở khắp địa bàn giúp tăng thêm bản lĩnh và kỹ năng chơi cờ.","Tại đây, các kỳ thủ nhí có cơ hội được gặp gỡ các bạn bè trên khắp các trường trong thành phố, rèn luyện thêm bản lĩnh, kỹ năng trong cờ Vua.",Supported,Supported,True
dev_492,492,"Học sinh 12 tại Hà Nội tham gia kì thi khảo sát chất lượng vào 7-8/4, học sinh sẽ thi ba môn và một bài tổ hợp.","Gần 87.000 học sinh lớp 12 tại Hà Nội sẽ tham gia bài khảo sát chất lượng, hình thức tương tự thi tốt nghiệp THPT, vào hai ngày 7-8/4.",Supported,Refuted,False
dev_5890,5890,"Chiều tối ngày 28-3 trong buổi giao lưu với khán giả của đoàn phim ""Biệt đội rất ổn"" cô chia sẽ rằng bản thân tuy cũng có không ít vai diễn thành công trước đây trên màn ảnh rộng nhưng tất cả đều là quá khứ, không thể bắt khán giả nhớ mãi những vai diễn đó rồi áp đặt vào thực tại.","Cô nói thêm rằng bản thân tuy cũng có không ít vai diễn thành công trước đây trên màn ảnh rộng nhưng tất cả đều là quá khứ, không thể bắt khán giả nhớ mãi những vai diễn đó rồi áp đặt vào thực tại.",NEI,NEI,True
dev_5946,5946,Tổng diện tích nhà ở xã hội hoàn thành tại Hà Nội vào năm 2023 dự kiến là 140.000 m2.,"Đại diện Sở Xây dựng Hà Nội cho biết, căn cứ vào các chương trình, kế hoạch, Sở Xây dựng đã đề ra chỉ tiêu phát triển nhà ở năm 2023, gồm: Tổng số nhà ở hoàn thành theo dự án trong năm là 21.100 căn; Tổng diện tích nhà ở hoàn thành theo dự án trong năm 4.110.000 m2; Tổng số nhà ở và tổng diện tích nhà ở xã hội hoàn thành 400 căn, 28.000 m2; Diện tích nhà ở bình quân đầu người đạt 28 m2 sàn/người.",Refuted,Refuted,True
dev_6653,6653,Bà Yellen bác bỏ việc tăng vốn do yêu cầu cắt giảm chi tiêu để đổi lấy nâng mức nợ trần liên bang.,Điều này đi ngược lại yêu cầu cắt giảm chi tiêu của các hạ nghị sĩ đảng Cộng hòa để đổi lấy việc nâng mức nợ trần liên bang.,Supported,NEI,False
dev_5188,5188,"Vũ khí chứa urani nghèo gây tác động tiêu cực đến sức khỏe con người, gây cho họ đau đớn từ từ sau đó là tử vong.",Vũ khí chứa urani nghèo gây tác động nguy hiểm với sức khoẻ con người tại vị trí tấn công. Bụi từ đó có thể đi vào phổi và các nội tạng quan trọng.,NEI,Refuted,False
dev_6858,6858,"Bạn sinh viên chia sẻ trên trang HUFLIT nói rằng diễn giả nói nhiều câu rất khó nghe nhưng bạn vẫn phải cố nhịn cho đến lúc kết thúc chương trình, hơn nữa cũng có những bạn khác cảm thấy bức xúc giống như bạn.","Mình biết không phải một mình mình cảm thấy như vậy vì trong lúc ra về, mình có nghe những bạn khác đi cùng thang máy cũng nói y như mình. Mong các đơn vị tổ chức sau này có mời ai thì nên tìm hiểu kỹ về những thông tin người ta chia sẻ để sinh viên không mất thời gian vào những thứ vô bổ"".",Refuted,NEI,False
dev_2785,2785,Bộ VHTT&DL cũng đề nghị các đại sứ quán/trung tâm văn hóa nước ngoài tại Việt Nam không tổ chức các hoạt động VHTT&DL tại Bình Thuận,Bộ VHTT&DL cũng đề nghị các đại sứ quán/trung tâm văn hóa nước ngoài tại Việt Nam tổ chức các hoạt động VHTT&DL tại Bình Thuận chào mừng Năm Du lịch quốc gia 2023.,Refuted,Refuted,True
dev_5769,5769,Thứ trưởng Hoàng Minh Sơn không đồng tình với ý kiến tổ chức xét tuyển riêng ngành Y.,"Có ý kiến đặt vấn đề có nên tổ chức riêng kỳ thi cho khối ngành y dược, Thứ trưởng Hoàng Minh Sơn khẳng định: “Tôi cho rằng chúng ta đang đặt quá nhiều yêu cầu vào các ngành đặc thù.",Refuted,Refuted,True
dev_7232,7232,Vợ chồng cựu cầu thủ David Beckham đã chứng tỏ được tiềm lực tài chính và chiến lược kinh doanh khi đã có lãi sau 13 năm gồng lỗ.,"Trong cuộc chơi thể hiện sức mạnh ""trường vốn"", sau cùng, vợ chồng cựu danh thủ David Beckham đã chứng tỏ được tiềm lực tài chính, năng lực kinh doanh và tầm nhìn chiến lược.",Supported,NEI,False
dev_186,186,"Bộ Quốc phòng Nga đã đồng ý với cáo buộc của Mỹ, khẳng định máy bay không người lái của Mỹ mất kiểm soát, mất độ cao và rơi xuống biển, khẳng định tiêm kích Nga không sử dụng vũ khí mang theo, không tiếp xúc gần với máy bay không lái của Mỹ và đã trở về căn cứ an toàn.","Bộ Quốc phòng Nga khẳng định tiêm kích Nga không sử dụng vũ khí mang theo, không tiếp xúc gần với máy bay không lái của Mỹ và đã trở về căn cứ an toàn.",Refuted,NEI,False
dev_6613,6613,"Bánh cuốn Thụy Khuê ""rẻ nhất Hà Nội"" mở bán hàng ngày từ 6h đến 14h với giá 13.000 đồng một phần.","Bánh cuốn Thụy Khuê là quán ăn đã qua hai đời, có giá 13.000 đồng một đĩa, được nhiều thực khách nói ""rẻ nhất Hà Nội"".",Supported,NEI,False
dev_1772,1772,Các chính sách hỗ trợ chỉ các doanh nghiệp nhỏ đã được triển khai trong Luật Hỗ trợ doanh nghiệp.,"Bộ Kế hoạch và Đầu tư chủ trì, phối hợp với các bộ, ngành, địa phương đẩy mạnh triển khai Luật Hỗ trợ doanh nghiệp nhỏ và vừa, trọng tâm là các chính sách hỗ trợ doanh nghiệp nhỏ và vừa chuyển đổi số, doanh nghiệp nhỏ và vừa khởi nghiệp sáng tạo và tham gia cụm liên kết ngành, chuỗi giá trị; hỗ trợ để hình thành một số tập đoàn kinh tế tư nhân có quy mô lớn, có vai trò dẫn dắt ở một số ngành, lĩnh vực hoặc dẫn đầu trong chuỗi giá trị…",Refuted,Refuted,True
dev_1834,1834,"Giải futsal HD Bank VĐQG 2023 tuy có một số CLB cũ không thể tham gia, đổi lại lại có sự tham gia của các thành viên nước ngoài.","(NLĐO) - Giải futsal HD Bank VĐQG 2023 sẽ lần đầu có suất tham dự của ngoại binh, tổ chức theo hình thức thi đấu sân nhà - sân khách với sự tranh tài của 8 đội bóng mạnh nhất Việt Nam Sahako là đương kim vô địch Giải futsal VĐQG Trước thềm mùa giải mới, Giải futsal HD Bank vô địch quốc gia (VĐQG) 2023 đón nhận thông tin kém vui khi các CLB Hiếu Hoa Đà Nẵng, Hưng Gia Khang Đắk Lắk và Sài Gòn FC rút khỏi giải đấu vì không tìm được nhà tài trợ, không đủ kinh phí hoạt động.",Supported,Supported,True
dev_2774,2774,"Chủ tịch UBND tỉnh Đồng Nai vừa có văn bản yêu cầu cán bộ, công chức sửa đổi tình trạng chậm trễ hoặc không tiếp dân, không giải quyết hồ sơ của người dân, doanh nghiệp.","(PLO)- Đồng nai yêu cầu cán bộ, công chức khắc phục tình trạng chậm trễ hoặc không tiếp dân, không giải quyết hồ sơ của người dân, doanh nghiệp. Chủ tịch UBND tỉnh Đồng Nai vừa có văn bản yêu cầu tiếp tục quán triệt, triển khai các quy định về kỷ luật, kỷ cương hành chính, nhiệm vụ, công vụ năm 2023.",Supported,Refuted,False
dev_1078,1078,Một số Ngân hàng đã giảm lãi suất trước sức ép giá dầu.,"Áp lực vĩ mô vẫn tạo ra sức ép nhất định cho giá dầu, khi mà Ngân hàng Trung ương Thụy Sĩ (SNB) trong ngày hôm qua đã tăng lãi suất thêm 50 điểm cơ bản, lên mức 1,5% bất chấp những rủi ro từ Ngân hàng Credit Suisse đã làm chao đảo thị trường tài chính trước đó.",Refuted,Refuted,True
dev_3645,3645,Kết quả xét nghiệm cho thấy Yoo Ah-in dương tính với 4 chất gây nghiện bị Hàn Quốc cấm sử dụng bừa bãi.,"Tuy nhiên, Viện pháp y Quốc gia Hàn Quốc đã đưa ra kết quả xét nghiệm kết luận Park Yoo-chun dương tính với ma túy đá.",Supported,Refuted,False
dev_1477,1477,Phương án thi tốt nghiệp THPT mới của Bộ GD-ĐT yêu cầu tất cả thí sinh phải sử dụng máy tính để làm bài thi.,"Về phương án thi, đề thi phù hợp với chương trình giáo dục phổ thông mới, ngân hàng câu hỏi thi cho tất cả các môn phải được làm mới hoàn toàn theo định hướng đánh giá năng lực.",Refuted,NEI,False
dev_2680,2680,Việc Viện kiểm sát nhân dân huyện Hương Sơn (Hà Tĩnh) mới đây đã phê chuẩn quyết định khởi tố bị can tác động đối với an toàn công cộng và nhận thức của những người thực thi pháp luật ở huyện Hương Sơn,"Viện kiểm sát nhân dân huyện Hương Sơn (Hà Tĩnh) mới đây đã phê chuẩn quyết định khởi tố bị can, lệnh tạm giam đối với Nguyễn Đình Đạt (31 tuổi, trú xã Sơn Hồng, huyện Hương Sơn) về tội Cố ý gây thương tích. Theo điều tra, chiều 21/3, Đạt và nhóm bạn, trong đó có anh Trịnh Quốc Sơn (36 tuổi) cùng ngồi uống rượu bia tại xã Sơn Hồng.",NEI,NEI,True
dev_7220,7220,"Xử phạt từ 50 đến 70 triệu đồng đối với ba quán nhậu trên đường Hoàng Thị Loan Đà Nẵng, trong đó hai quán phải dừng hoạt động vì mở nhạc ồn ào.","Đà Nẵng Ba quán nhậu trên đường Hoàng Thị Loan mở nhạc ồn ào đã bị xử phạt từ 50 đến 70 triệu đồng, hai quán buộc dừng hoạt động.",Supported,Supported,True
dev_4501,4501,Phạt từ 2 đến 7 năm tội tổ chức sử dụng trái phép chất ma túy tại điều 249 Bộ luật Hình sự,"Trong trường hợp đối tượng và người mẹ cùng tổ chức sử dụng ma túy và có hành vi ép cháu bé cùng sử dụng ma túy thì ngoài hành vi phạm tội ""Cưỡng bức người khác sử dụng trái phép chất ma tuý"" thì 2 đối tượng còn phạm tội ""Tổ chức sử dụng trái phép chất ma tuý"" theo quy định tại Khoản 1 Điều 255 Bộ luật Hình sự với khung hình phạt tù từ 2 năm đến 7 năm.",Refuted,Refuted,True
dev_3127,3127,"Khảo sát 170 trường học công lập vào năm 2017 đã được tờ Asahi Shimbun thực hiện, và kết quả cho thấy rằng 57% số trường đã áp đặt lệnh cấm nhuộm tóc và yêu cầu học sinh chứng minh màu tóc tự nhiên của họ. Những quy định này đã được thiết lập nhằm mục đích đảm bảo trật tự và thống nhất trong nhà trường. Tuy nhiên, quy định yêu cầu học sinh để tóc đen đã được loại bỏ tại gần 200 trường công lập tại Tokyo vào tháng 3/2022.","Tờ Asahi Shimbun khảo sát 170 trường học công lập hồi năm 2017, kết quả 57% số trường cấm nhuộm tóc, đồng thời yêu cầu học sinh chứng minh màu tóc của mình là tự nhiên.",Supported,Refuted,False
dev_4949,4949,"Tại hội nghị thượng đỉnh của các lãnh đạo châu Âu tại Brussels diễn ra vào 18 giờ ngày 16/6, trong khi Tổng thống Pháp Emmanuel Macron trấn an là hệ thống ngân hàng rất vững chắc thì Thủ tướng Đức Olaf Scholz khẳng định Deutsche Bank là doanh nghiệp có lãi và không có lý do gì phải lo lắng.","Ngay lập tức, tại hội nghị thượng đỉnh của các lãnh đạo châu Âu tại Brussels, Thủ tướng Đức Olaf Scholz khẳng định Deutsche Bank là doanh nghiệp có lãi và không có lý do gì phải lo lắng.",NEI,NEI,True
dev_5463,5463,Vùng lúa chuyên canh chất lượng cao 1 triệu ha là nước thứ hai trên thế giới triển khai sản xuất lúa giảm phát thải nhờ đó nhận được nhiêu sự quan tâm của các đối tác trong nước.,"Tại hội thảo, các diễn ra cho rằng vùng lúa chuyên canh chất lượng cao 1 triệu ha có thể được coi là hình mẫu về sản xuất lúa giảm phát thải mà Việt Nam là nước đầu tiên triển khai trên thế giới, qua đó sẽ thu hút sự quan tâm và hỗ trợ của đối tác quốc tế về nguồn lực tài chính, khoa học công nghệ trước những thách thức về biến đổi khí hậu và an ninh lương thực.",Refuted,Refuted,True
dev_4794,4794,"Dự án du lịch này đang xuống cấp, cỏ dại mọc um tùm khắp nơi sau nhiều năm bị bỏ hoang, có thể thấy mảnh ""đất vàng"" của xã đảo Tam Hải đang bị lãng phí trầm trọng.","Sau nhiều năm bỏ hoang, dự án du lịch này đang xuống cấp, cỏ dại mọc um tùm khắp nơi.",Supported,NEI,False
dev_1333,1333,"Giá dầu thô ngọt nhẹ Mỹ (WTI) giảm 30 cent (0,3%), xuống 72,97 USD/thùng, lượng dầu thô dự trữ của Mỹ đã bất ngờ giảm xuống trong tuần trước, do các công ty lọc dầu tăng cường hoạt động sau mùa bảo dưỡng.","Trong khi đó, giá dầu thô ngọt nhẹ Mỹ (WTI) giảm 23 cent (0,3%), xuống 72,97 USD/thùng.",Refuted,Refuted,True
dev_2238,2238,"Việc các ngân hàng được phép mua lại trái phiếu doanh nghiệp chưa niêm yết hay chưa đăng ký giao dịch trên UpCOM, có thể giúp tháo gỡ áp lực mà một số nhà tổ chức tín dụng đang gặp phải.","Việc các ngân hàng được phép mua lại trái phiếu doanh nghiệp chưa niêm yết hoặc chưa đăng ký giao dịch trên UpCOM, theo ông Thuân, là vấn đề có ý nghĩa nhất được đề cập trong dự thảo, trong bối cảnh áp lực mua lại trái phiếu thời gian vừa qua khi nhà đầu tư yêu cầu tất toán trước hạn.",Supported,NEI,False
dev_4837,4837,"Bà xã Lý Hải chia sẻ rằng ban đầu cả hai tính im lặng nhưng tình hình có vẻ tệ hơn, dự án phim mới chỉ còn 1 tháng là ra mắt, sợ rằng mọi chuyện sẽ xấu đi, khán giả sẽ tẩy chay phim và phim sẽ không được ra mắt đúng thời gian dự kiến.","Trong khi đó, chỉ còn 1 tháng là ra mắt dự án phim mới, nếu chúng tôi im lặng thì sợ mọi chuyện đi xa hơn"".",NEI,NEI,True
dev_7239,7239,Đây là vụ hoả hoạn nghiêm trọng thứ ba trong lịch sử Cuba khi tàn phá 4 trong số 8 bể chứa tại kho nhiên liệu lớn nhất cả nước.,Đây là vụ hỏa hoạn nghiêm trọng nhất trong lịch sử Cuba và được coi là thảm họa công nghiệp có nguồn gốc tự nhiên lớn nhất từ trước tới nay.,Refuted,NEI,False
dev_2252,2252,Đề án sẽ nâng cao trình độ sản xuất lúa cũng như gia tăng giá trị lúa gạo.,(Chinhphu.vn) - Phát triển bền vững 1 triệu ha lúa chuyên canh chất lượng cao gắn với tăng trưởng xanh vùng Đồng bằng sông Cửu Long sẽ nâng cao trình độ sản xuất lúa cũng như gia tăng giá trị lúa gạo.,NEI,Supported,False
dev_2890,2890,ChatGPT giúp người dùng có thể trao đổi trực tiếp và gián tiếp thông qua hình thức hỏi đáp là chính với những có sở dữ liệu có sẵn được thu nhập kể từ năm 2021 trở về trước.,"ChatGPT giúp người dùng trao đổi trực tiếp thông qua hình thức hỏi đáp là chính với những cơ sở dữ liệu thu thập được trên internet, mạng xã hội, các trang web kể từ năm 2021 trở về trước.",NEI,NEI,True
dev_3401,3401,"Do đã làm sai quy trình các bị cáo nguyên là giao dịch viên, kiểm soát viên, thủ quỹ tại HDBank - phòng giao dịch Đông Sài Gòn đã tạo điều kiện cho Nguyễn Thị Minh Quyên chiếm đoạt 4,4 tỉ đồng của ngân hàng.","Các bị cáo nguyên là giao dịch viên, kiểm soát viên, thủ quỹ tại HDBank - phòng giao dịch Đông Sài Gòn đã làm sai quy trình, tạo điều kiện cho Nguyễn Thị Minh Quyên chiếm đoạt 4,4 tỉ đồng của ngân hàng.",Supported,Supported,True
dev_824,824,Hội Trí thức Việt Nam tại Nhật có hơn 2.000 thành viên đều đang hoạt động và định cư tại Nhật 3 năm trở lên.,"Báo cáo Phó Thủ tướng, ông Tạ Việt Phương, Chủ tịch Hội Trí thức Việt Nam tại Nhật Bản cho biết, hội có hơn 2.000 thành viên, đóng vai trò kết nối, hỗ trợ cho các cộng đồng, hội chuyên gia nghiên cứu chuyên ngành, mạng lưới đổi mới sáng tạo Việt Nam tại Nhật Bản.",NEI,NEI,True
dev_7160,7160,"Theo thông tin từ Báo Tuổi trẻ Online, tượng vua An Dương Vương được đặt ngồi trên một bệ liền khối, với hai tay cầm hốt và phong thái đường bệ, tạo nên một vẻ uy nghi và trang trọng. Cục Di sản đã đề nghị công nhận tượng là một bảo vật vì lối đúc tượng ngồi trên bệ, không trên long ngai là hiếm thấy, thường chỉ được sử dụng khi nhà vua được tôn vinh thành thần hoặc Phật. Mặc dù đã trải qua 126 năm, tượng An Dương Vương vẫn được bảo tồn nguyên vẹn. Chi tiết trên tượng thể hiện tinh thần của Phật đạo, mang đến một cảm giác gần gũi, tôn nghiêm, linh thiêng và giao hòa giữa cuộc sống và đạo.","""Lối đúc tượng ngồi trên bệ, không trên long ngai là hiện tượng hiếm gặp, khi nhà vua đã hóa thân thành thần và Phật"", Cục Di sản nêu một trong những cơ sở đề nghị công nhận bảo vật.",NEI,NEI,True
dev_3877,3877,"Trong cuộc phẫu thuật, bác sĩ loại bỏ nhiều đoạn chi, dùng tấm lưới nhân tạo để giữ cho nội tạng không trào ra ngoài và áp dụng nhiều kỹ thuật tân tiến nhất để tạo chi mới cho bệnh nhân.",Ê kíp đã phải dùng đến tấm lưới nhân tạo để giữ cho nội tạng không bị trào ra ngoài do cơ thể không còn chức năng bảo vệ của khung xương chậu bên trái.,NEI,NEI,True
dev_5725,5725,Thế hệ Alpha chưa có khả năng chọn lọc thông tin nên sẽ ảnh hưởng đến hành động và suy nghĩ của họ trong tương lai.,"Chính vì mức độ tiếp cận công nghệ thông tin từ khi còn quá nhỏ nên các con chưa có khả năng sàng lọc, rủi ro sẽ là dễ bị tiếp cận và ảnh hưởng bởi những thông tin trái chiều quá sớm"".",NEI,NEI,True
dev_3134,3134,Nguyên nhân của việc đánh thuế là do các nước Liên minh châu Âu (EU) sẽ thu thuế carbon với một số mặt hàng mà quy trình sản xuất sản sinh ra lượng khí thải carbon cao.,"Động thái của Cục Thuế Thái Lan xuất phát từ việc các nước Liên minh châu Âu (EU) sẽ thu thuế carbon với một số mặt hàng mà quy trình sản xuất sản sinh ra lượng khí thải carbon cao, gồm: Xi măng, sắt và thép, nhôm, phân bón, điện.",Supported,Supported,True
dev_143,143,"Người đầu tiên lên đến đỉnh núi Hòn Bà ở độ cao 1.500m là Krempf, một cộng sự của Alexandre Yersin.",Ông ấy là người đầu tiên lên đến đỉnh núi ở độ cao 1.500m.,Supported,Refuted,False
dev_6541,6541,"Trưa 27/3, bà Nguyễn Văn Đắng cho biết, đoạn ống nước đường kính 1,5m sau ba ngày bị vỡ đã được hàn lại và gia cố bằng bêtông.","Trưa 27/3, ông Nguyễn Văn Đắng, Phó tổng giám đốc Công ty cấp nước Sài Gòn (Sawaco), cho biết đoạn ống nước bị vỡ trên đường Kha Văn Cân, phường Hiệp Bình Chánh đã được hàn lại và gia cố bằng bêtông. Công nhân đang súc rửa làm sạch đường ống trước khi bơm nước cung cấp cho người dân.",Refuted,NEI,False
dev_6989,6989,"VCPMC đã phát hiện hàng trăm chương trình vi phạm quy định ở lĩnh vực biểu diễn, ngoài ra trên môi trường kỹ thuật số, số tiền phạt là 15-30 triệu đối với hành vi truyền đạt tác phẩm đến công chúng mà không được tác giả cho phép, nặng hơn sẽ bị tạm giam 5 đến 7 ngày.","Những năm gần đây, số vụ việc vi phạm ở lĩnh vực biểu diễn mà VCPMC phát hiện lên tới hàng trăm chương trình. Trên môi trường kỹ thuật số, quy định phạt tiền từ 15 - 30 triệu đối với hành vi truyền đạt tác phẩm đến công chúng bằng mạng thông tin điện tử hoặc bất kỳ phương tiện kỹ thuật nào mà không được phép của chủ sở hữu quyền tác giả cũng còn quá thấp. Đại diện VCPMC đề xuất cần tăng mức xử phạt cao hơn nhiều lần mức phạt hiện tại, đồng thời có thêm các hình thức xử phạt bổ sung và khắc phục hậu quả để ngăn chặn tái phạm.",NEI,NEI,True
dev_1204,1204,"Lãnh đạo Chi cục Văn thư lưu trữ tỉnh Thanh Hóa cho biết dự thảo đề án Chỉnh lý dứt điểm tài liệu tồn đọng tại các cơ quan, tổ chức trên địa bàn và có kế hoạch tìm kiếm hỗ trợ tài chính từ các tổ chức quốc tế cho dự án.","Ngày 8/3, lãnh đạo Chi cục Văn thư lưu trữ tỉnh Thanh Hóa cho biết dự thảo đề án Chỉnh lý dứt điểm tài liệu tồn đọng tại các cơ quan, tổ chức trên địa bàn và số hóa tài liệu lưu trữ lịch sử giai đoạn 2023-2025 đang được UBND tỉnh xem xét phê duyệt.",NEI,NEI,True
dev_7312,7312,"Theo nghiên cứu của các nhà khoa học vào năm 1980, bão quay ngược chiều kim đồng hồ do sự xoay của Trái Đất ở Bắc bán cầu kéo không khí ngược chiều kim đồng hồ còn ở Nam bán cầu, điều ngược lại xảy ra nên bão quay theo chiều kim đồng hồ.","Ở Nam bán cầu, điều ngược lại xảy ra nên bão quay theo chiều kim đồng hồ.",NEI,NEI,True
dev_6965,6965,"Trong các ngày 21 và 22-3, UBKT Trung ương đã họp Kỳ thứ 28, trong đó có nội dung về việc ông Võ Văn Chánh bị kỷ luật cảnh cáo.","Trong các ngày 21 và 22-3, tại Hà Nội, Ủy ban Kiểm tra (UBKT) Trung ương đã họp Kỳ thứ 27.",Refuted,Refuted,True
dev_3145,3145,"Hội thảo ""Doanh nghiệp dịch vụ trò chơi điện tử trực tuyến đóng góp ý kiến về đề nghị xây dựng dự án Luật thuế tiêu thụ đặc biệt sửa đổi"", tổ chức tại Hà Nội ngày 30-3 với nội dung bàn về việc đánh thuế tiêu thụ đặc biệt lên ngành công nghiệp game.","HÀ Đó là quan điểm chung của các đại biểu tham dự cuộc hội thảo ""Doanh nghiệp dịch vụ trò chơi điện tử trực tuyến đóng góp ý kiến về đề nghị xây dựng dự án Luật thuế tiêu thụ đặc biệt sửa đổi"", tổ chức tại Hà Nội ngày 30-3.",Supported,NEI,False
dev_2305,2305,Trường Đại học Luật TP.HCM vẫn giữ nguyên 2 phương thức tuyển sinh là xét tuyển thẳng và xét tuyển sớm với thí sinh có chứng chỉ ngoại ngữ quốc tế còn thời hạn có giá trị; xét tuyển dựa trên kết quả thi tốt nghiệp THPT trong năm 2023.,"Dựa trên quy định của Bộ GD&ĐT, Trường Đại học Luật TP.HCM công bố giữ nguyên 2 phương thức tuyển sinh là xét tuyển thẳng và xét tuyển sớm; xét tuyển dựa trên kết quả thi tốt nghiệp THPT trong năm 2023.",Supported,NEI,False
dev_2921,2921,Mới đây nhận định lạm phát đã vượt đỉnh ở hầu hết các nền kinh tế châu Á - Thái Bình Dương của các nhà phân tích của hãng xếp hạng tín nhiệm Moody's.,"Tăng giá đang có xu hướng giảm tại nhiều quốc gia Theo phóng viên TTXVN tại Kuala Lumpur, các nhà phân tích của hãng xếp hạng tín nhiệm Moody's mới đây nhận định lạm phát đã vượt đỉnh ở hầu hết các nền kinh tế châu Á - Thái Bình Dương.",Supported,Refuted,False
dev_5587,5587,"Thuốc, nguyên liệu làm thuốc, vaccine và sinh phẩm y tế được gia hạn nhưng Bộ Y tế chưa cung cấp thông tin về lý do gia hạn cũng như tiêu chí lựa chọn thuốc gia hạn.","(PLO)- Bộ Y tế vừa gia hạn thêm 715 thuốc, nguyên liệu làm thuốc, vaccine và sinh phẩm y tế đến ngày 31-12-2024.",NEI,NEI,True
dev_5877,5877,"Các loại thuốc thiết yếu như Paracetamol, nước muối sinh lý, oresol,... cần được niêm yết rõ ràng giá tại các nhà thuốc vì đây là các loại thuốc phổ biến và cơ bản nhất.",(Dân trí) - Cử tri cho rằng cần có bảng niêm yết giá công khai các loại thuốc thiết yếu đặt ở cửa hàng thuốc đề người dân dễ dàng nắm được thông tin.,NEI,NEI,True
dev_7417,7417,"Khi đang còn là một kỹ sư lưu trú tại Ấn Độ, Trung Quốc, Việt Nam và Indonesia trong những năm 1950, tác giả kiến giải về sự gặp gỡ giữa vật lý học cơ bản với thế giới quan Phật giáo vừa lý tính vừa đầy minh triết.","Sống tại Frankfurt, kỹ sư về hưu Nguyễn Tường Bách được biết đến như một tác giả, chuyên gia viết về Phật giáo, kiến giải về sự gặp gỡ giữa vật lý học cơ bản với thế giới quan Phật giáo vừa lý tính vừa đầy minh triết.",NEI,NEI,True
dev_4111,4111,"Với thị trường trái phiếu nhiều biến động, ông Thuân cho biết việc kiểm soát giao dịch và mục đích sử dụng vốn của doanh nghiệp sẽ giúp các công ty thuận tiện hơn trong quá trình giám sát tín dụng và quản trị rủi ro, hạn chế việc giao dịch bằng tiền mặt dẫn đến việc sử dụng vốn khó được xác minh và đánh giá, ngoài ra việc Ngân hàng Nhà nước sửa đổi một số đề xuất sẽ tạo nên tính chặt chẽ hơn với thị trường.","Một thông tin đáng chú ý khác trong dự thảo là việc ngân hàng phải sử dụng thanh toán không dùng tiền mặt để thanh toán số tiền mua trái phiếu doanh nghiệp cho doanh nghiệp hoặc bên bán trái phiếu doanh nghiệp. Về nội dung này, ông Thuân đánh giá, sẽ kiểm soát giao dịch và mục đích sử dụng vốn của doanh nghiệp thuận tiện hơn trong quá trình giám sát tín dụng và quản trị rủi ro, tránh tình trạng giao dịch tiền mặt dẫn đến mục đích sử dụng vốn khó có thể đảm bảo việc xác minh và đánh giá.",NEI,NEI,True
dev_2538,2538,"Dự án đang gặp nhiều khó khắn theo thông tin từ Sở GTVT TP Cần Thơ khi có 1.380 số lượng các hộ bị ảnh hưởng bởi dự án, nhưng chỉ có 416 trường hợp được phê duyệt.","Cụ thể, số lượng các hộ bị ảnh hưởng bởi dự án khoảng 1.380 trường hợp, nhưng đến thời điểm này các địa phương chỉ phê duyệt được 416 trường hợp. Cạnh đó, các khu tái định cư của các quận, huyện đang trong giai đoạn hoàn thiện và chưa áp giá nền tái định cư nên chưa đủ điều kiện để bàn giao nền cho các hộ dân.",Supported,NEI,False
dev_4059,4059,Số tiền Trung Quốc chi để cứu trợ các nước đang phát triển đã tăng vọt những năm gần đây và sẽ tiếp tục tăng mạnh hơn nữa.,"Ngoài ra, Trung Quốc cho biết họ luôn tuân thủ các quy tắc quốc tế, đồng thời thực hiện hợp tác đầu tư và tài trợ với các nước đang phát triển một cách cởi mở và minh bạch. Một nghiên cứu gần đây cho thấy Trung Quốc đã chi 240 tỉ USD cứu trợ 22 quốc gia đang phát triển từ năm 2008 đến năm 2021.",NEI,NEI,True
dev_6218,6218,Tìm đến những thức uống chiết xuất từ thảo mộc tự nhiên như Trà Dr Thanh để thanh nhiệt nhưng các thành phần và tác dụng được nhà bán quảng cáo vẫn chưa được kiểm chứng.,"Họ không chỉ thoát ra khỏi vùng an toàn của chính mình, ngưng sợ hãi và sẵn sàng khám phá bản thân, hòa mình vào thiên nhiên, tìm đến những thức uống chiết xuất từ thảo mộc tự nhiên như Trà Dr Thanh để thanh nhiệt, cho cơ thể luôn tươi tắn để tận hưởng trọn vẹn mọi khoảnh khắc tươi đẹp của cuộc sống.",NEI,NEI,True
dev_5803,5803,"Nga bị liên minh châu Âu (EU) áp đặt vòng trừng phạt thứ 20, và khối 27 thành viên từ chối nhập khẩu một số mặt hàng từ Nga.",Liên minh châu Âu (EU) đã áp đặt vòng trừng phạt thứ 10 lên Nga liên quan đến chiến dịch quân sự đặc biệt tại Ukraine.,Refuted,NEI,False
dev_5790,5790,Gần 3/4 dân số toàn cầu từ 10 tuổi trở lên sở hữu điện thoại di động và tỷ lệ sở hữu điện thoại ở các nước có thu nhập thấp thì cao hơn tỷ lệ sử dụng mạng Internet.,"Báo cáo của ITU cho hay năm 2022, gần 3/4 dân số toàn cầu từ 10 tuổi trở lên (ước 73% dân số) sở hữu điện thoại di động.",Supported,NEI,False
dev_5889,5889,"Cần Thơ kỳ vọng sẽ thu hút không chỉ khách du lịch nội địa mà cả khách quốc tế khi ở đây có điểm du lịch hấp dẫn nhất Việt Nam là chợ nổi sông nước, nơi mà khách quốc tế đều muốn đến đây một lần trong đời.","""Với đường bay mới Cần Thơ - Vân Đồn, chúng tôi kỳ vọng sẽ thu hút thêm không chỉ khách du lịch nội địa mà cả khách quốc tế"", ông Tuấn nói.",NEI,NEI,True
dev_4728,4728,"Cách đây 40 năm, Bộ Văn hóa, Thông tin, Thể thao và Du lịch đã có quyết định xếp quần thể ""di tích lịch sử lưu niệm nhà bác học Alexandre Yersin"" tại Khánh Hòa là di tích quốc gia.","Cách đây gần 33 năm, Bộ Văn hóa, Thông tin, Thể thao và Du lịch đã có quyết định (số 993/QĐ - ngày 28-9-1990) xếp hạng quần thể ""di tích lịch sử lưu niệm nhà bác học Alexandre Yersin"" tại Khánh Hòa là di tích quốc gia.",Refuted,Refuted,True
dev_1250,1250,"Nguyễn Thảo Nguyên đã mang theo 2 con và bỏ đi do có mâu thuẫn với gia đình, từ đó cô sống chung với Lê Văn Bậm như vợ chồng, đến cuối năm 2023, khi phát hiện Nguyên sử dụng ma túy, anh T. đã đến đón cháu T.N.A.N về, còn cháu T.N.A.T tiếp tục sống chung với Nguyên.","là Nguyễn Thảo Nguyên (SN 2000, trú quận Tân Bình) đã mang theo 2 con (cháu T.N.A.N và T.N.A.T) bỏ đi và chung sống như vợ chồng với Lê Văn Bậm (SN 1979, trú tại Phường 15, Quận 10).",Refuted,NEI,False
dev_6562,6562,"Trạm thử nghiệm của Alexandre Yersin bao gồm căn nhà gỗ năm tầng và bể nước, nghiên cứu trên đỉnh Hòn Bà ở độ cao 1.578m.",Đó chính là trạm thử nghiệm của Alexandre Yersin ở độ cao 1.578m.,Refuted,NEI,False
dev_5575,5575,"Bộ Thông tin và Truyền thông, Tổng công ty Bưu điện Việt Nam phát hành bộ tem ""Việt Nam"" vào 9/7/2022.","(Chinhphu.vn) – Bộ Thông tin và Truyền thông, Tổng công ty Bưu điện Việt Nam phát hành bộ tem “Phượng tím”, gồm 1 mẫu tem và 1 block, được cung ứng trên mạng lưới bưu chính từ ngày 30/3/2023 đến ngày 31/12/2024, nhằm góp phần quảng bá hình ảnh đất nước, con người và sự đa dạng khí hậu, sinh học của Việt Nam.",Refuted,Refuted,True
dev_3327,3327,Giá thu mua sầu riêng Ri 6 tại các vườn miền Tây đang trên đà giảm mạnh.,"Giá thu mua sầu riêng Ri 6 tại các vườn miền Tây đang ở mức 75.000-85.000 đồng một kg, giảm một nửa so với đầu tháng 2.",Supported,Supported,True
dev_3636,3636,"Bài thi môn Toán và Ngữ văn thi theo hình thức tự luận, thời gian làm bài 120 phút/bài thi diễn ra vào ngày 1-7-2023.","Bài thi môn Toán và Ngữ văn thi theo hình thức tự luận, thời gian làm bài 120 phút/bài thi, môn Ngoại ngữ thi trắc nghiệm, thời gian 60 phút.",NEI,NEI,True
dev_6598,6598,"Được biết đối tượng Nguyễn Hữu Hưng có biệt danh là ""Hưng Nhái"" và là ""siêu trộm"" vì đã có nhiều tiền án về tội trộm cắp tài sản, với khả năng trộm cắp ""bậc thầy"" của hắn.","Được biết đối tượng Nguyễn Hữu Hưng có biệt danh là ""Hưng Nhái"" và là ""siêu trộm"" vì đã có nhiều tiền án về tội trộm cắp tài sản.",NEI,NEI,True
dev_420,420,"Dòng máy bay A320neo đã nhận được hơn 8.600 đơn đặt hàng từ hơn 130 khách hàng trên toàn thế giới, đây quả là một thông tin tích cực đối với hãng sở hữu.","Đến nay, dòng máy bay A320neo đã nhận được hơn 8.600 đơn đặt hàng từ hơn 130 khách hàng trên toàn thế giới.",NEI,NEI,True
dev_2532,2532,"Hà Thiên quyết định chuyển hướng, xa con 6 tháng để du học sau nhiều năm làm viên chức, và trở thành thủ khoa thạc sĩ Giảng dạy tiếng Anh tại Đại học Nottingham Trent.","Sau nhiều năm làm viên chức, Hà Thiên quyết định chuyển hướng, xa con 6 tháng để du học, và trở thành thủ khoa thạc sĩ Giảng dạy tiếng Anh tại Đại học Nottingham Trent.",Supported,Supported,True
dev_6446,6446,"Khi một doanh nghiệp chậm trả trái phiếu, sau đó cũng sẽ có khả năng chậm trả nợ ngân hàng và khi quá 90 ngày thì thuộc nhóm 3, mức lập dự phòng 25% và dưới 181 người thì nhóm 4, nếu mức lặp dự phòng 60% và mức chậm trả lớn hơn 2 năm thì thuộc nhóm 5 lúc này mức lập dự phòng nợ xấu là 90%.","""Do đó, tác động chéo sang chất lượng tín dụng của ngân hàng là hiện hữu"", ông Thuân nhận định. Chi tiết hơn, chuyên gia cho biết khi một doanh nghiệp chậm trả trái phiếu, sau đó sẽ có khả năng chậm trả nợ ngân hàng và khi quá hạn 91 ngày thì vào nhóm 3, mức lập dự phòng 20% và trên 181 ngày thì vào nhóm 4, mức lập dự phòng 50% và mức xấu nhất là nếu chậm trả lớn hơn một năm thì nhảy nợ sang nhóm 5 với mức lập dự phòng nợ xấu là 100%.",Refuted,Refuted,True
dev_5030,5030,"Bệnh dại lây lan nhanh vì nhiều người nuôi chó, mèo mang từ địa phương khác về theo kiểu thả rông mà chưa tiêm phòng dai cho chúng.","Kết quả cho thấy, nhiều trường hợp người dân, công nhân đưa chó từ các tỉnh, thành khác về nuôi mà không kiểm soát việc tiêm phòng.",Supported,Refuted,False
dev_5524,5524,Hội nghị COP27 diễn ra từ ngày 7-18/11 tại TP. Sharm El-Sheikh và có đến 100 nguyên thủ quốc gia tham gia.,Hội nghị COP27 do Ai Cập đăng cai diễn ra từ ngày 7-18/11 tại TP. Sharm El-Sheikh bên bờ Biển Đỏ.,Refuted,NEI,False
dev_6766,6766,Bên ngoài của cabin được làm hoàn toàn bằng kính trong suốt để du khách có thể đọc thông tin hiển thị trên các bức tường kính bằng nghệ thực tế ảo.,"Những hình ảnh concept cho thấy các cabin sẽ được bao bọc trong vòng đu quay hình ống với nửa phía ngoài làm bằng kính trong suốt và nửa phía trong là thép. Bằng cách sử dụng công nghệ thực tế ảo tăng cường, du khách có thể đọc thông tin hiển thị trên các bức tường kính của mỗi cabin.",Refuted,Refuted,True
dev_5982,5982,"Theo kế hoạch, từ năm 2026, EU sẽ áp thuế phát thải carbon với các mặt hàng có khí thải carbon cao và các ngành hàng thực phẩm.","Theo kế hoạch, từ năm 2026, EU sẽ áp thuế phát thải carbon với các mặt hàng nói trên.",NEI,NEI,True
dev_4565,4565,Huân chương dũng cảm được trao cho nữ phi công lái 2 chiếc Su-27 vì đã ngăn chặn máy bay vi phạm không phận.,"“Bên cạnh đó, Huân chương dũng cảm được trao cho phi công lái 2 chiếc Su-27 đã ngăn chặn máy bay không người lái MQ-9 của Mỹ vi phạm không phận ở khu vực tạm thời bị hạn chế để phục vụ chiến dịch quân sự đặc biệt”, Bộ Quốc phòng Nga cho biết.",NEI,Refuted,False
dev_347,347,Do được thuê nên 3 đối tượng đã đến và hành hung anh L.T.T và bạn anh T.,"Tại cơ quan điều tra, các đối tượng khai nhận, khi đến quán hát “HH” thì xảy ra mâu thuẫn, cãi vã với nhóm bạn của anh L.T.T nên Phạm Hoàng Anh đã dùng dao bấm mang theo để tấn công anh L.T.T.",Refuted,Supported,False
dev_1367,1367,"Các cán bộ, chiến sĩ cứu hộ Việt Nam phải chịu đựng điều kiện thời tiết khắc nghiệt khi phải ngủ trong lán trại dựng ngoài trời, sử dụng túi ngủ để giữ ấm cơ thể khi nhiệt độ ban đêm xuống tới 6 đến âm 7 độ C.","Tuy nhiên, ban đêm quả là một thách thức vì nhiệt độ xuống tới âm 6 - âm 7 độ C, trong khi các cán bộ, chiến sĩ phải ngủ trong lán trại dựng ngoài trời.",NEI,NEI,True
dev_4578,4578,"Với tội danh Trộm cắp xe máy, Hồ Công Sơn có thể lãnh án 4 năm tù và chịu khoản bồi thường viện phí cho chủ xe.","Tại đây, thấy một xe Honda SH vẫn còn chìa khóa trên xe nên Sơn nảy sinh ý định trộm cắp. Đối tượng Hồ Công Sơn tại cơ quan công an (Ảnh: Công an huyện Núi Thành).",NEI,NEI,True
dev_6741,6741,"Chính phủ đã có hành động khi thị trường bất động sản, trái phiếu đang gặp khó khăn bằng cách sử đổi Thông tư 16/2021.","Trong đó, dự thảo sửa đổi Thông tư 16/2021 có thể tháo gỡ nút thắt lớn cho thị trường trái phiếu.",Supported,Supported,True
dev_6972,6972,Vì bị hạ hạnh kiểm ngay giữa kì hai lớp 12 nên Linh lo lắng sẽ ảnh hưởng đến xét tuyển đại học.,Em bị hạ một bậc hạnh kiểm nên đang lo ảnh hưởng đến việc xét tuyển đại học tới đây.,Supported,NEI,False
dev_7357,7357,Sau 4-5 tuần qua cuộc biểu tình ở Israel kêu gọi chấm dứt việc cải cách đã tác động đến các chính trị gia.,"Nhiều tuần qua, các cuộc biểu tình diễn ra khắp Israel kêu gọi chấm dứt việc cải cách, theo đó giúp các chính trị gia có tiếng nói lớn hơn trong bộ máy tư pháp và giảm vai trò của tòa án tối cao, theo AFp. Những điểm chính của cuộc cải cách là cho phép chính quyền nắm đa số ghế trong ủy ban tuyển chọn thẩm phán và trao cho quốc hội quyền đảo ngược phán quyết của tòa án tối cao.",NEI,Refuted,False
dev_5386,5386,Mục tiêu lạm phát 5% trong khu vực Eurozone về trung hạn đã được đặt ra từ nhiều tháng qua cho thấy quyết tâm của ECB về việc tiếp tục tăng lãi suất để kiềm chế lạm phát một cách hợp lý nhất.,"Hồi tháng 1/2023, Chủ tịch ECB Christine Lagarde đã tái khẳng định quyết tâm của ECB về việc tiếp tục tăng lãi suất để kiềm chế lạm phát một cách hợp lý nhất.",Refuted,NEI,False
dev_3625,3625,Việt Nam đã chốt danh sách VĐV tham dự SEA Games 32.,"Tổng cục TDTT cũng thông tin hiện tại, các bộ phận chuyên môn hiện đang rà soát để chốt danh sách các thành viên Đoàn Thể thao Việt Nam tham dự SEA Games 32, trình Bộ trưởng Bộ VHTT&DL phê duyệt trong thời gian sớm nhất.",Refuted,Supported,False
dev_3422,3422,"Chương trình ""Sóng và máy tính cho em"" được kéo dài đến năm 2025, nhằm giúp đỡ học sinh và nhà trường, đặc biệt là các em có hoàn cảnh đặc biệt khó khăn, có được nền giáo dục cao hơn.","Chương trình giúp các em học sinh, các nhà trường, đặc biệt là các học sinh có hoàn cảnh đặc biệt khó khăn có cơ hội rút ngắn khoảng cách, tiếp cận những giá trị giáo dục tốt hơn.",Supported,NEI,False
dev_2075,2075,"Sáng kiến CMIM dự kiến sẽ cải thiện trong tương lai, nhưng các chi tiết và chiến lược cụ thể vẫn chưa được xác định.","Để tăng cường khả năng hỗ trợ của Cơ chế đa phương hoá Sáng kiến Chiang Mai (CMIM) cho các nước thành viên khi gặp khó khăn thanh khoản, Hội nghị đã thảo luận về các lựa chọn cho vay hỗ trợ bằng đồng nội tệ bên cạnh việc sử dụng USD; nguyên tắc xác định lãi suất khoản vay hỗ trợ của CMIM và những định hướng tiếp tục cải thiện CMIM trong tương lai...",NEI,Refuted,False
dev_1629,1629,"Nhóm sẽ thiết kế lại các ứng dụng di động mới cho hề điều hành Android, iOS cho Chongluadao và sẽ mở rộng vào một số hệ điều hành khác của các nước để đi ra thị trường quốc tế.","Xa hơn nữa, năm 2024-2025, nhóm sẽ thiết kế lại các ứng dụng di động mới cho hề điều hành Android, iOS cho Chongluadao, cũng như mở rộng thêm các đối tác chia sẻ dữ liệu về mối đe dọa để giúp cộng đồng internet Việt Nam…",NEI,NEI,True
dev_4605,4605,"Dùng Prompt bằng tiếng Việt sẽ tối ưu năng xuất xử lý thông tin, giúp bạn làm việc dễ dàng hơn, năng xuất hơn.",Bạn nên sử dụng Prompt bằng tiếng Anh để có thể tối ưu năng suất xử lý của ChatGPT.,Refuted,Refuted,True
dev_5839,5839,"Sau chương 3 ""Bắc Ninh tỏa sáng miền văn hiến"", các khán giả nhiệt liệt cổ vũ cho chương trình.","Chương 3 là ""Bắc Ninh tỏa sáng miền văn hiến"" vang câu hát ""Giã bạn"" với tình cảm bịn rịn, lưu luyến ""người ơi người ở đừng về"" qua các ca khúc ""Yêu một Bắc Ninh"", ""Bắc Ninh tỏa sáng miền văn hiến"".",NEI,Refuted,False
dev_2479,2479,"Từ ngày 18-3, ông Dennis Ng Teck Yow sẽ đảm nhận vị trí tổng giám đốc.","Theo đó, ông Dennis Ng Teck Yow đảm nhận chức vụ tổng giám đốc của Tập đoàn Novaland thay cho ông Nguyễn Ngọc Huyên từ ngày 17-3.",Refuted,Refuted,True
dev_2101,2101,"Do ảnh hưởng của dịch COVID - 19, chương trình du lịch vàng, kiểu mẫu ""Hai Quốc gia, Sáu điểm đến"" bị gián đoạn dù vào ngày 14/1/2020 đã được chính thức khai trương, vận hành.","Chương trình du lịch vàng, kiểu mẫu “Hai Quốc gia, Sáu điểm đến” là sáng kiến do ngành du lịch tỉnh Lào Cai (Việt Nam) và châu Hồng Hà (tỉnh Vân Nam, Trung Quốc) đề xuất ký kết Biên bản ghi nhớ hợp tác ngày 21/6/2019 tại thị xã Sa Pa (Lào Cai, Việt Nam); được chính thức khai trương, vận hành ngày 14/1/2020.",Supported,Supported,True
dev_3538,3538,"Người chú mà ông gắn bó đã bị hành hình vào năm 15 tuổi, ông nhớ về hình ảnh trầm lặng của ông nội mình trước sự ra đi đầy đau xót của đứa con trai.",Tác giả nhớ về hình ảnh trầm lặng của ông nội mình trước sự ra đi đầy đau xót của đứa con trai.,Refuted,NEI,False
dev_7444,7444,"Ông Jean-Paul Guihaumé: Nhận định đầu tiên đó là việc chúng ta đã có một Hội nghị hợp tác phi tập trung giữa các địa phương của Pháp và Việt Nam lần thứ 12 được tổ chức vào thời điểm rất quan trọng, sau khi đại dịch Covid 19 vừa đi qua.",Ông Jean-Paul Guihaumé: Nhận định đầu tiên đó là việc chúng ta đã có một Hội nghị hợp tác phi tập trung giữa các địa phương của Pháp và Việt Nam lần thứ 12 được tổ chức vào thời điểm rất quan trọng.,NEI,NEI,True
dev_795,795,Việc đổ nước thải phóng xạ đã được xử lý vẫn gây e ngại về việc thay đổi ADN con người và có thể làm gia tăng ô nhiễm phóng xạ biển.,"Tổ chức Hòa bình xanh e ngại chất phóng xạ có thể thay đổi ADN của con người, Trung Quốc và Hàn Quốc bày tỏ lo lắng, trong khi các quốc đảo Thái Bình Dương băn khoăn về nguy cơ nước biển ô nhiễm phóng xạ nặng hơn.",Supported,Refuted,False
dev_1918,1918,CTCP Louis Capital đổi tên thành CTCP The Golden Group và chỉ định Công ty dịch vụ tư vấn tài chính kế toán và kiểm toán (AASC) làm đơn vị thực hiện kiểm toán lại báo cáo của năm 2020 và 2022.,"Đáng chú ý, ĐHĐCĐ công ty này cũng thông qua nội dung đổi tên công ty từ CTCP Louis Capital thành CTCP The Golden Group. Ở một động thái khác, HĐQT Louis Capital cũng đã thông qua được việc lựa chọn Công ty Dịch vụ tư vấn tài chính kế toán và kiểm toán (AASC) là đơn vị thực hiện kiểm toán lại báo cáo tài chính năm 2021 và kiểm toán báo cáo tài chính năm 2022.",Refuted,Refuted,True
dev_1538,1538,Liên đoàn Chữ thập Đỏ và Trăng lưỡi liềm Đỏ Quốc tế đưa ra cảnh báo tất cả các nước trên thế giới vẫn chưa có sự chuẩn bị cần thiết để đối phó với đại dịch tiếp theo.,Đó là cảnh báo của Liên đoàn Chữ thập Đỏ và Trăng lưỡi liềm Đỏ Quốc tế (IFRC) đưa ra ngày 30/1 cùng với khuyến cáo các nước cần sẵn sàng ứng phó với đại dịch trong tương lai.,Supported,Refuted,False
dev_1500,1500,"Ngành giáo dục nói chung và đào tạo Anh ngữ nói riêng sau đại dịch Covid-19 phải đối mặt với rất nhiều khó khăn để trở lại trạng thái ""bình thường mới"".","Sau Covid-19, ngành giáo dục nói chung và đào tạo Anh ngữ nói riêng phải đối mặt với rất nhiều khó khăn để trở lại trạng thái ""bình thường mới"", nhưng cũng không ít tổ chức giáo dục có nhiều bước đi mới đầy khởi sắc từ cuối năm 2022 cho đến nay.",Supported,Supported,True
dev_750,750,"Tại phường Tân Chánh Hiệp, quận 12, TP.HCM, đoàn bác sĩ Quân y Bệnh viện Quân y 175, UBND phường Tân Chánh Hiệp, quận 12, TP.HCM và các nhà tài trợ đã tổ chức đã khám bệnh, siêu âm, chụp CT và cấp thuốc trong ngày 25-2 cho 250 hộ gia đình chính sách, hộ nghèo, người có hoàn cảnh khó khăn.","Ngày 25-2, Đoàn bác sĩ Quân y Bệnh viện Quân y 175, UBND phường Tân Chánh Hiệp, quận 12, TP.HCM và các nhà tài trợ đã tổ chức đã khám bệnh, siêu âm, chụp CT và cấp thuốc cho 250 hộ gia đình chính sách, hộ nghèo, người có hoàn cảnh khó khăn tại phường Tân Chánh Hiệp, quận 12, TP.HCM.",Supported,NEI,False
dev_5724,5724,Cuộc tập trận chung thường kỳ kéo dài 15 ngày giữa Mỹ - Hàn Quốc mang tên Lá chắn Tự Do (FS) mới kết thúc ngày 23/3 diễn ra cùng lúc với đợt huấn luyện.,Đợt huấn luyện diễn ra cùng lúc với cuộc tập trận chung thường kỳ kéo dài 11 ngày giữa Mỹ - Hàn Quốc mang tên Lá chắn Tự Do (FS) mới kết thúc ngày 23/3.,Refuted,Refuted,True
dev_404,404,"Người có bằng tốt nghiệp ngành quản trị kinh doanh có cơ hội ứng tuyển nhiều nhất, kế đến là marketing, tài chính ngân hàng, bất động sản trong hầu hết các vị trí công việc trên trang tuyển dụng.","Trong hầu hết các vị trí công việc này, người có bằng tốt nghiệp ngành quản trị kinh doanh có cơ hội ứng tuyển nhiều nhất.",Supported,NEI,False
dev_5513,5513,"Đã có nhiều phụ huynh của trường THPT Phú Nhuận bị kẻ xấu giả danh giáo viên, nhân viên y tế của trường gọi điện báo tin con gặp tai nạn, nói con đang ở viện cấp cứu và cần chuyển tiền ngay để nhập viện.","Có phương án tiếp nhận, xử lý kịp thời thông tin phản ánh về những sự việc và thủ đoạn lừa đảo để thông tin rộng rãi đến cha mẹ học sinh. Trước đó, như Thanh Niên đã thông tin, cuối giờ chiều 13.3, phụ huynh Trường THPT Chu Văn An (Hà Nội) đồng loạt nhận được thông báo của nhà trường với nội dung: ""Ngày hôm nay, có 2 phụ huynh của trường bị kẻ xấu giả danh giáo viên, nhân viên y tế của trường gọi điện báo tin con gặp tai nạn, nói con đang ở viện cấp cứu và cần chuyển tiền ngay để nhập viện"".",Refuted,NEI,False
dev_874,874,Ngoại trưởng Hayashi đã công bố kế hoạch tới Trung Quốc là cuối tháng 3 ông sẽ lại ghé thăm.,"Cùng ngày 31/3, Ngoại trưởng Hayashi đã công bố kế hoạch tới Trung Quốc vào cuối tuần này, trong đó có cuộc hội đàm với người đồng cấp nước chủ nhà Tần Cương.",NEI,NEI,True
dev_1153,1153,Siêu lạm phát của Liban trong tháng thứ 32 liên tiếp nguyên nhân là do giá cả dịch vụ và hàng hóa gia tăng mạnh.,"Phóng viên TTXVN tại Trung Đông dẫn số liệu do Cơ quan Thống kê Trung ương Liban công bố cho thấy nguyên nhân khiến lạm phát phi mã là do giá cả dịch vụ và hàng hóa gia tăng mạnh. Cụ thể, cước viễn thông trong tháng 2 tăng gần 5 lần so với cùng kỳ năm ngoái; chi phí y tế tăng hơn 4 lần; dịch vụ nhà hàng, khách sạn tăng hơn 3 lần; giá cả quần áo, giày dép, đồ uống không cồn và chi phí vận tải cũng tăng hơn 3 lần.",Supported,Supported,True
dev_6387,6387,"Sau khi dự án ""Dòng sông ánh sáng"" hoàn thành vào quý 2/2024 thì đôi bờ sông Hàn sẽ trở nên rực rỡ.","Đôi bờ sông Hàn sẽ trở nên rực rỡ sau khi dự án ""Dòng sông ánh sáng"" hoàn thành vào quý 1/2024 HOÀNG SƠN Ban quản lý dự án Đầu tư xây dựng các công trình dân dụng và công nghiệp phối hợp với Sở Xây dựng thực hiện các thủ tục đầu tư để phê duyệt và triển khai dự án ""Dòng sông ánh sáng cho hai bờ sông Hàn, mặt nước và các cây cầu"" đảm bảo theo quy định; phấn đấu hoàn thành giai đoạn 1 của dự án trong quý 1/2024.",Refuted,Refuted,True
dev_1096,1096,Công ty trúng thầu đã chuyển giao 10.000 máy tính bảng (trên tổng số gần 13.000 cái) để chuẩn bị phát cho học sinh tỉnh Đắk Nông.,"Ngày 11.3, theo nguồn tin của Thanh Niên, Sở GD-ĐT tỉnh Đắk Nông vừa tiếp nhận 5.000 máy tính bảng (trên tổng số gần 13.000 cái) để chuẩn bị cấp phát cho học sinh trên địa bàn.",Refuted,Refuted,True
dev_4754,4754,"Chương trình Chăm sóc Mẹ Việt Nam Anh hùng có Hoa hậu Mai Phương, MC Trọng Hiền làm đại sứ, cùng chung tay chăm sóc các Mẹ Việt Nam Anh hùng tại Củ Chi, TP.HCM.","(PLO)- Trong vai trò đại sứ, Hoa hậu Mai Phương, MC Trọng Hiền đã có nhiều hoạt động thiết thực để chăm sóc các Mẹ Việt Nam Anh hùng tại Củ Chi, TP.HCM.",Supported,Supported,True
dev_4109,4109,"Năm 2005, UBND tỉnh Khánh Hòa cho phép Công ty CP Sakura- Sài Gòn - Nha Trang xây dựng lại căn nhà gỗ này trên nền móng cũ, ngôi nhà được xây dựng có kết cấu tương tự ngôi nhà cũ trước đây.","Năm 2005, Công ty CP Yasaka - Sài Gòn - Nha Trang được UBND tỉnh Khánh Hòa cho phép xây dựng lại căn nhà gỗ này trên nền móng cũ, ngôi nhà được xây dựng có kết cấu tương tự ngôi nhà cũ trước đây.",Refuted,Refuted,True
dev_3156,3156,"Theo thông tin từ Báo Tuổi trẻ Online, vào ngày 6-4, trong lễ tang của nghệ sĩ Vũ Linh, nghệ sĩ Kim Cương bồi hồi xúc động trước ảnh chân dung của nghệ sĩ Vũ Linh và có cả Nghệ sĩ Kim Tử Long cùng đồng nghiệp vào viếng đàn anh Vũ Linh lần cuối. Sau khi thông tin về việc nghệ sĩ Vũ Linh mất đã có rất nhiều khán giả tìm về nhà anh ở Q.Phú Nhuận, TP.HCM để viếng.","Ngay khi nghe tin nghệ sĩ Vũ Linh qua đời, rất nhiều khán giả tìm về nhà anh ở Q.Phú Nhuận, TP.HCM để viếng.",NEI,NEI,True
dev_3217,3217,"Gần 8 năm trôi qua, nhìn lại hành trình trong áo xanh màu Đoàn, tôi thấy sự đổi thay từng ngày của mình.","Gần 7 năm trôi qua, nhìn lại hành trình trong áo xanh màu Đoàn, tôi thấy sự đổi thay từng ngày của mình. Vẫn nhớ như in ký ức về ngày đầu tiên để thấy Đoàn đã cho tôi những gì.",Refuted,Refuted,True
dev_1737,1737,Putin và Tập Cận Bình thảo luận về khả năng Nga cung cấp vũ khí hạt nhân quân sự cho Trung Quốc.,"(PLO)- Trong cuộc hội đàm với Chủ tịch Trung Quốc Tập Cận Bình, Tổng thống Nga Vladimir Putin khẳng định doanh nghiệp Nga có thể đáp ứng nhu cầu năng lượng của nền kinh tế Trung Quốc.",Refuted,Refuted,True
dev_1448,1448,"Trong tháng 5/2023 tại Indonesia, nước Chủ tịch ASEAN, Hội nghị Cấp cao ASEAN lần thứ 42 và các Hội nghị Bộ trưởng Ngoại giao sẽ được diễn ra sau cuộc họp lần thứ 15 Nhóm công tác Hội đồng Điều phối ASEAN.","Các quan chức cấp cao ASEAN dự hội nghị - Ảnh: BNG Các hội nghị này là bước chuẩn bị cho Hội nghị Cấp cao ASEAN lần thứ 42 và các Hội nghị Bộ trưởng Ngoại giao diễn ra trong tháng 5/2023 tại Indonesia, nước Chủ tịch ASEAN.",Refuted,NEI,False
dev_2966,2966,Bão tuyết được hình thành từ chuyển động xoay của Trái Đất quay quanh Mặt Trời.,Hướng gió và chiều quay của bão được quyết định bởi lực Coriolis - lực quay quán tính của một vật thể do chuyển động xoay của Trái Đất gây ra.,Refuted,NEI,False
dev_6607,6607,Một số trường cao đẳng cộng đồng có điều kiện đầu vào thấp khi tuyển thẳng học sinh mà không yêu cầu bằng IELTS hay SAT.,"Theo chuyên gia, một số trường cao đẳng cộng đồng tuyển thẳng học sinh mà không yêu cầu điểm đầu vào như IELTS hay SAT, nhưng ứng viên nên có trình độ tiếng Anh nhất định để xin thị thực du học Mỹ.",Supported,Refuted,False
dev_6467,6467,"Tổng cục DTNN đã chỉ đạo, quán triệt các đơn vị được giao xuất cấp gạo dự trữ chủ động liên hệ, báo cáo UBND các tỉnh phân bổ, tiếp nhận hàng dự trữ đến các đối tượng thụ hưởng.","Để đạt được kết quả trên, Tổng cục DTNN đã chỉ đạo, quán triệt các đơn vị được giao xuất cấp gạo dự trữ quốc gia (DTQG) chủ động liên hệ, báo cáo UBND các tỉnh để sớm có kế hoạch phân bổ, tiếp nhận hàng dự trữ đến các đối tượng thụ hưởng.",Supported,Supported,True
dev_2191,2191,Khó khăn của đề án là không chỉ phát triển 1 triệu ha lúa chất lượng cao mà còn nâng cao vai trò của hợp tác xã để trở thành các doanh nghiệp hướng đến sản xuất quy mô lớn.,"""Đề án không chỉ phát triển 1 triệu ha lúa chất lượng cao mà còn nâng cao vai trò của hợp tác xã để trở thành các doanh nghiệp hướng đến sản xuất quy mô lớn.",Supported,NEI,False
dev_3041,3041,Thủ tướng Chính phủ Phạm Minh Chính vừa ký Quyết định 320/QĐ-TTg kiện toàn nhân sự Ban Chỉ đạo quốc gia về hội nhập quốc tế.,Thủ tướng Chính phủ Phạm Minh Chính vừa ký Quyết định 320/QĐ-TTg kiện toàn nhân sự Ban Chỉ đạo quốc gia về hội nhập quốc tế.,Supported,Supported,True
dev_7439,7439,"ĐT U22 Việt Nam cùng bảng với Thái Lan, Campuchia, Singapore và Lào tại SEA Games 32, tất cả đều là các đối thủ đều quen thuộc và đội nào cũng có tham vọng.","Tại SEA Games 32, ĐT U22 Việt Nam cùng bảng với Thái Lan, Malaysia, Singapore và Lào.",Refuted,Refuted,True
dev_3114,3114,"Evergrande, nhà phát triển bất động sản lớn thứ hai Trung Quốc, đang nỗ lực đạt được một thỏa thuận về tái cơ cấu nợ với các trái chủ quốc tế khi đang “ôm” khoản nợ tương đương 7% tổng sản phẩm quốc nội (GDP) của Trung Quốc.","Giao dịch cổ phiếu tại Hong Kong đã bị tạm dừng kể từ tháng 3 năm ngoái, khi Evergrande chậm công bố báo cáo tài chính. Evergrande, nhà phát triển bất động sản lớn thứ hai Trung Quốc, đang “ôm” khoản nợ tương đương 2% tổng sản phẩm quốc nội (GDP) của Trung Quốc.",Refuted,Refuted,True
dev_934,934,Một trong những đối tượng hành hung bắt gặp anh Thiện và anh Tây cùng với gia đình tại một quán cafe.,"Tối 5-12-2021, Quốc Chiến đang ngồi tại một quán ở trước Công viên văn hóa An Hòa (TP Rạch Giá) thì thấy anh Thiện Chiến đang ngồi bàn bên cạnh cùng với anh Tây và một số người khác.",NEI,Supported,False
dev_5098,5098,Khả năng phòng ngự cần được cải thiện nhưng nó không phải việc khiến HLV Troussier đau đầu.,Cải thiện khả năng phòng ngự chắc chắn sẽ là cơn đau đầu cho HLV Troussier trong thời gian tới.,Refuted,Refuted,True
dev_3893,3893,"Trong quá trình khám bệnh, dị vật trong mũi bé gái được xác định là pin điện tử hình cúc áo vô cùng nguy hiểm và cần được nhanh chóng lấy ra khỏi hốc mũi của bé.","Do đó, cần phải nhanh chóng lấy dị vật ra khỏi hốc mũi vì nguy cơ pin điện tử gây thủng vách ngăn, ăn mòn các cấu trúc quan trọng của hốc mũi.",Supported,NEI,False
dev_7325,7325,VAS đã nghiên cứu chương trình hoặc phương pháp giáo dục cụ thể mà VAS sử dụng để cung cấp nền tảng nâng cao cho học sinh.,"Đó chính là lý do VAS đã nghiên cứu và đưa vào giảng dạy một lộ trình học tập mới, mang tới cơ hội học tập trong môi trường giáo dục quốc tế cho đông đảo học sinh Việt, đồng thời hỗ trợ phụ huynh giải tỏa những lo lắng về rào cản học phí để hoàn thành giấc mơ của gia đình. Lộ trình Tiếng Anh Cambridge tiêu chuẩn (Lộ trình CEP Tiêu chuẩn - CEP Standard) được VAS nghiên cứu, xây dựng trong nhiều năm và chính thức đưa vào giảng dạy từ năm học 2023 - 2024.",NEI,Refuted,False
dev_881,881,"Tại buổi giao lưu với du học sinh Lào tại trường, Đại sứ Lào đã trao giấy khen cho một số học sinh có thành tích xuất sắc.","Tại đây, Đại sứ Lào trao giấy khen cho 6 lưu học sinh có thành tích xuất sắc trong học tập. Ngài Đại sứ trao giấy khen cho 6 lưu học sinh có thành tích xuất sắc trong học tập Trường ĐH Cửu Long là 1 trong 10 cơ sở đào tạo tại Việt Nam được Bộ GD-ĐT cho phép tổ chức đào tạo, thi và cấp chứng chỉ tiếng Việt cho người nước ngoài theo khung năng lực 6 bậc.",Supported,Supported,True
dev_4469,4469,"Công nghiệp hạt nhân Nga cũng chưa bị áp đặt trừng phạt, theo đó EU đã nhập khẩu tổng cộng 750 triệu euro các sản phẩm thuộc ngành công nghiệp hạt nhân Nga với mục đích chế tạo vũ khí hạt nhận trong trận chiến với Ukraine.","Theo Eurostat, EU đã nhập khẩu tổng cộng 750 triệu euro các sản phẩm thuộc ngành công nghiệp hạt nhân Nga.",NEI,NEI,True
dev_2960,2960,Yoo Ah In bị chính Bộ An toàn Thực phẩm và Dược phẩm Hàn Quốc đã yêu cầu cảnh sát điều tra từ tháng 1 năm 2021 sau khi cơ quan này phát hiện nam diễn viên thường xuyên nhận đơn thuốc propofol tại nhiều bệnh viện khác nhau từ đầu năm 2021.,"Được biết, chính Bộ An toàn Thực phẩm và Dược phẩm Hàn Quốc đã yêu cầu cảnh sát điều tra Yoo Ah In từ tháng 11 năm ngoái sau khi cơ quan này phát hiện nam diễn viên thường xuyên nhận đơn thuốc propofol tại nhiều bệnh viện khác nhau từ đầu năm 2021.",Refuted,Refuted,True
dev_6288,6288,"Ở Giải giao hữu Doha Cup 2023 diễn ra lúc 0h30 sáng 26-3 (FPT Play THTT), đội tuyển U23 Việt Nam được kỳ vọng sẽ chơi tốt hơn trước U23 UAE sau thất bại ở trận ra quân.","Sau thất bại ở trận ra quân, đội tuyển U23 Việt Nam được kỳ vọng sẽ chơi tốt hơn trước U23 UAE ở Giải giao hữu Doha Cup 2023 diễn ra lúc 0h30 sáng 26-3 (FPT Play THTT).",Supported,Supported,True
dev_4314,4314,"Bộ Chính trị đã chỉ ra một số hạn chế khi chính sách xã hội còn thiếu tính bao trùm và liên kết giữa các chính sách thực hiện, tỷ lệ bao phủ chưa cao, có sự chêch lệch khá lớn trong mức sống giữa các vùng, miền, nhóm đối tượng.","Nhưng Bộ Chính trị cũng chỉ ra một số tồn tại, hạn chế khi chính sách xã hội còn thiếu tính bao trùm, thiếu liên kết giữa các chính sách trong tổ chức thực hiện, tỷ lệ bao phủ thấp. Chênh lệch mức sống giữa các vùng, miền, nhóm đối tượng còn lớn.",Supported,Refuted,False
dev_4636,4636,"Với số lượng khoảng 2.000 người là những TNXP tại ngũ và cựu TNXP, buổi họp mặt đã dành 1 phút tưởng nhớ những đồng đội đã hy sinh trong chiến đấu bảo vệ Tổ quốc, xây dựng kinh tế và trong đại dịch Covid-19 vừa qua.","Buổi họp mặt đã dành 1 phút tưởng nhớ những đồng đội đã hy sinh trong chiến đấu bảo vệ Tổ quốc, xây dựng kinh tế và trong đại dịch Covid-19 vừa qua.",Refuted,NEI,False
dev_198,198,"Đối với Quỹ xăng dầu cần đánh giá kỹ thực trạng, tránh trường hợp hỗ trợ sai mục đích, dẫn đến thiếu xăng dầu về sau.","TPO - Đối với Quỹ bình ổn giá xăng dầu, Uỷ ban Thường vụ Quốc hội yêu cầu đánh giá kỹ thực trạng, hiệu quả và sự cần thiết của Quỹ và điều hành phải công khai, minh bạch, hiệu quả.",NEI,NEI,True
dev_2611,2611,"Khung giá điện và phương pháp xác định giá điện cũng đã được đặt ra và chờ Bộ Công Thương thông qua, EVN rất mong nhận được sự phối hợp chặt chẽ của các chủ đầu tư trong và ngoài nước trong quá trình chuẩn bị hồ sơ đàm phán.",Phía EVN rất mong nhận được sự phối hợp chặt chẽ của các chủ đầu tư trong quá trình chuẩn bị hồ sơ đàm phán với mong muốn các dự án chuyển tiếp được đưa vào vận hành trong thời gian sớm nhất trên cơ sở bảo đảm đúng quy định pháp luật.,NEI,NEI,True
dev_5908,5908,Giáo viên tiếng Anh chỉ cần bằng IELTS không cần có nghiệp vụ sư phạm là thực trạng đáng để tranh luận hiện nay.,"Tuyển giáo viên tiếng Anh nhưng chỉ cần IELTS thay vì phải có nghiệp vụ sư phạm, 'khẩu chiến' về trình độ tiếng Anh trên TikTok...",Supported,NEI,False
dev_5661,5661,"Sự trở lại của show diễn nội y đã trở thành chủ đề bàn tán trên mạng xã hội, nhiều người bày tỏ sự ủng hộ, nhưng số khác lại tỏ ra hờ hững, thậm chí còn chỉ trích nặng nề và bình luận rằng show diễn này không nên tiếp tục.",Thông tin này nhanh chóng trở thành chủ đề bàn tán trên mạng xã hội.,NEI,NEI,True
dev_5626,5626,"Giá vàng SJC tại thị trường Hà Nội được Công ty Vàng bạc đá quý Sài Gòn niêm yết ở mức 66,45 - 67,15 triệu đồng/lượng (mua vào - bán ra) trong phiên giao dịch.","Mở cửa phiên giao dịch, giá vàng SJC tại thị trường Hà Nội được Công ty Vàng bạc đá quý Sài Gòn niêm yết ở mức 66,45 - 67,15 triệu đồng/lượng (mua vào - bán ra), giữ nguyên ở chiều mua vào và giảm 20 đồng ở chiều bán ra so với chốt phiên hôm qua.",Supported,Supported,True
dev_4743,4743,"Cần ""vá"" những lỗ hỏng của luật để khắc phục thực trạng một số người dân đóng BHXH mấy năm liền nhưng khi công ty phá sản lại không được hưởng một chế độ gì.","TPO - Từ thực trạng một số người dân đóng BHXH mấy năm liền nhưng khi công ty phá sản lại không được hưởng một chế độ gì, vị chuyên gia đề nghị cần “vá” những lỗ hổng của luật để đồng cảm với những đóng góp của người lao động, đồng thời xử lý những người làm sai để đảm bảo công bằng xã hội.",Supported,Supported,True
dev_1464,1464,"Vào sáng 2/3, Ma Nhai tại Danh thắng Ngũ Hành Sơn được công nhận là Di sản tư liệu thuộc Chương trình Ký ức thế giới khu vực châu Á - Thái Bình Dương, chính vì thế TP. Đà Nẵng đã đặt ra sứ mệnh bảo vệ và phát huy giá trị của địa danh này.","Sáng 1-3, tại Di tích Danh thắng Ngũ Hành Sơn (phường Hòa Hải, quận Ngũ Hành Sơn, TP Đà Nẵng), Bộ Văn hóa, Thể thao và Du lịch Hoàng Đạo Cương đã trao bằng công nhận Ma Nhai tại Danh thắng Ngũ Hành Sơn là Di sản tư liệu thuộc Chương trình Ký ức thế giới khu vực châu Á - Thái Bình Dương cho TP Đà Nẵng.",Refuted,Refuted,True
dev_3998,3998,"Gần đây, vụ việc bé trai 3 tuổi nghi bị một người đàn ông bạo hành và ép hút ma túy (theo như các video và hình ảnh được chia sẻ trên mạng xã hội) đang gây xôn xao dư luận và được yêu cầu cần xử lý nghiêm minh.","Những hình ảnh được cắt ra trong clip Những ngày gần đây, thông tin kèm video clip về người đàn ông bạo hạnh, nghi ép bé trai hút ma túy lan truyền trên mạng xã hội, đã gây xôn xao dư luận.",Supported,Supported,True
dev_3034,3034,"Thiếu vắng Casemiro, hiệu quả hàng công của MU là giảm đáng kể, trong 7 trận cầu thủ này không ra sân, Quỷ đỏ chỉ thắng 2 trận, thua 4 trận và hòa 1 trận.","Trong 7 trận cầu thủ này không ra sân, Quỷ đỏ chỉ thắng 3 trận, thua 3 trận và hòa 1 trận.",Refuted,Refuted,True
dev_6243,6243,Lễ truyền tin là một lễ trọng của người Công giáo nhưng sẽ không được tổ chức thánh lễ tại các nhà thờ.,Các nhà thờ sẽ tổ chức thánh lễ.,Refuted,Refuted,True
dev_6868,6868,"Rủi ro đồng sở hữu bất động sản với các nhà đầu tư khác hoặc phải bỏ thêm tiền chênh lệch để sở hữu riêng do số tiền đầu tư nhỏ, nguy cơ doanh nghiệp phát hành đẩy giá bất động sản lên cao để cấn trừ nợ, đã có nhiều vụ tranh chấp xảy ra trong những năm nay.",Cụ thể như rủi ro đồng sở hữu bất động sản với các nhà đầu tư khác hoặc phải bỏ thêm tiền chênh lệch để sở hữu riêng do số tiền đầu tư nhỏ.,NEI,NEI,True
dev_2448,2448,"Trong quá trình làm việc, Nguyễn Thị Minh Quyên sinh năm 1870 là giám đốc của ngân hàng Vietcombank nhận ra sự lỏng lẻo trong việc quản lý, ký chứng từ của các bị cáo còn lại đã tạo điều kiện cho Quyên lập khống chứng từ rút tiền từ 12 sổ tiết kiệm của 11 khách hàng, chiếm đoạt hơn 4,4 tỉ đồng của HDBank.","Từ sự lỏng lẻo trong việc quản lý, ký chứng từ của các bị cáo còn lại đã tạo điều kiện cho Quyên lập khống chứng từ rút tiền từ 12 sổ tiết kiệm của 11 khách hàng, chiếm đoạt hơn 4,4 tỉ đồng của HDBank.",NEI,NEI,True
dev_2751,2751,"Các thủ tục đăng ký tạm trú, thường trú hiện nay sẽ được giải quyết trực tuyến dưới sự hỗ trợ của công an, khi đã đăng ký thì thông tin sẽ được gửi về hệ thống điện tử đến công an.",Khi người dân đăng ký trực tuyến thì thông tin hồ sơ sẽ chuyển trên hệ thống điện tử đến công an phường để giải quyết.,Supported,NEI,False
dev_535,535,Chương trình trước đó của IMF trị giá 5 tỷ USD dành cho Ukraine diễn ra ngày 2/2/2021 đã chính thức hết hạn vào năm 2022.,Chương trình trước đó của IMF trị giá 5 tỷ USD dành cho Ukraine đã hết hạn vào năm ngoái.,NEI,NEI,True
dev_4217,4217,"UBND xã Đăk Long đã hỗ trợ và nhiều tổ chức, đoàn thể của huyện Đăk Hà cũng đã đến thăm hỏi, hỗ trợ gia đình các nạn nhân.","Ngoài ra, nhiều tổ chức, đoàn thể của huyện Đăk Hà cũng đã đến thăm hỏi, hỗ trợ gia đình các nạn nhân.",Supported,NEI,False
dev_1891,1891,"Vào năm 2011, cựu HLV huyền thoại của Manchester United Sir Alex Ferguson đã cấm tạm thời một phóng viên Sky Sports đến sân Old Trafford sau khi ông không trả lời câu hỏi nhắm vào Ryan Giggs.","Vào năm 2011, cựu HLV huyền thoại của Manchester United Sir Alex Ferguson đã cấm tạm thời một phóng viên Sky Sports đến sân Old Trafford sau khi ông không trả lời câu hỏi nhắm vào Ryan Giggs.",Supported,Supported,True
dev_3006,3006,"Công nghệ 4.0 được đẩy mạnh ứng dụng trong việc tuyên truyền, quảng bá xúc tiến du lịch và mang về hơn 80% tỷ lệ khách tham quan.","Tỉnh đẩy mạnh ứng dụng công nghệ 4.0 trong quản lý nhà nước về du lịch và công tác thông tin, tuyên truyền, quảng bá, xúc tiến du lịch. Đặc biệt, địa phương tập trung đổi mới, sáng tạo, đột phá trong hoạt động xúc tiến, quảng bá nhằm tạo sự lan tỏa sâu rộng về giá trị văn hóa, hình ảnh, thương hiệu du lịch xứ Dừa đến du khách...",NEI,NEI,True
dev_7015,7015,"LPB đẩy mạnh mảng dịch vụ bảo hiểm, thẻ, ngân hàng số,... và trở thành một trong những ngân hàng TMCP có mạng lưới lớn nhất cả nước và Đông Nam Á.",Hiện LPB là một trong những ngân hàng TMCP có mạng lưới lớn nhất cả nước.,NEI,NEI,True
dev_5357,5357,"Trấn Thành nhận về nhiều ý kiến trái chiều khi không biết tiết chế cảm xúc, rơi nước mắt không đúng chỗ.","Nhiều người khuyên Trấn Thành cần biết tiết chế cảm xúc, nếu không những giọt nước mắt sẽ trở nên ""quá lố"", phản tác dụng.",Supported,NEI,False
dev_427,427,Ông Tim Noakesmith nói việc chọn thịt voi ma mút lông xoắn vì đây là biểu tượng của sự tuyệt chủng của các loài động vật trong bối cảnh thế giới đang ngày càng ô nhiễm trầm trọng.,"Ông Tim Noakesmith, nhà đồng sáng lập Vow, giải thích công ty của ông chọn thịt voi ma mút lông xoắn vì đây là biểu tượng của sự tổn thất về đa dạng sinh thái và biến đổi khí hậu.",Refuted,NEI,False
dev_564,564,Dây bungee bị đứt khi anh sắp hoàn thành xong cú nhảy 10 tầng lầu của mình và may mắn bên dưới là một vùng nước nên anh đã sống sót và được đưa đến bệnh viện.,"Tại đây, anh đã thực hiện một cú nhảy bungee ở độ cao bằng 10 tầng lầu (khoảng 30m).",Supported,NEI,False
dev_6985,6985,"Trong chương trình “Sóng và máy tính cho em”, các học sinh sẽ chia sẻ máy tính bảng ở thư viện dùng chung của nhà trường để các bạn có cùng hoàn cảnh, cùng ngôi trường có thể tiếp cận, dùng chung trong học tập, mang đến sự đổi mới ứng dụng thông tin trong học tập.","Theo đó các học sinh sẽ chia sẻ máy tính bảng ở thư viện dùng chung của nhà trường để các bạn có cùng hoàn cảnh, cùng ngôi trường có thể tiếp cận, dùng chung trong học tập. Hy vọng với sự đổi mới ứng dụng thông tin trong dạy học, các em có thêm cơ hội học tập tốt, chia sẻ máy tính bảng đến các bạn như tài sản dùng chung trong mỗi nhà trường.",Supported,NEI,False
dev_7523,7523,Nhà máy điện hạt nhân Zaporizhzhia hiện không nằm dưới sự kiểm soát của quân đội Nga.,Nhà máy điện Zaporizhzhia bị quân đội Nga kiểm soát trong những tuần đầu tiên của cuộc xung đột.,Refuted,Refuted,True
dev_2453,2453,"Triển khai mạng 4G trên Mặt trăng trong năm 2023 là mục tiêu không "" lạc quan"" theo phân tích của Anshel Sag.","Theo nhà phân tích Anshel Sag thuộc Công ty Moor Insights & Strategy, việc triển khai mạng 4G trên Mặt trăng trong năm 2023 này là mục tiêu ""lạc quan"" của Nokia.",Refuted,Refuted,True
dev_5363,5363,"Đội tuyển Pháp được đánh giá cao hơn trong trận đấu này vì tuyển Pháp đã toàn thắng Hà Lan trên sân nhà ở 4 cuộc chạm trán gần đây nhất, trong khi Hà Lan chưa giành được bàn thắng nào.","Trước đó, tuyển Pháp đã toàn thắng Hà Lan trên sân nhà ở 4 cuộc đụng độ gần nhất.",NEI,NEI,True
dev_1235,1235,"Bệnh viện đa khoa khu vực miền núi phía Bắc Quảng Nam thuộc xã Long Điền tiếp nhận 3 chùm ca bệnh vào cấp cứu (tổng cộng 10 người) với triệu chứng đau bụng, nôn ói mệt và yếu dần tay chân sau khi ăn món cá chép muối ủ chua.","Như Dân trí đã thông tin, liên tiếp những ngày vừa qua, Bệnh viện đa khoa khu vực miền núi phía Bắc Quảng Nam tiếp nhận 3 chùm ca bệnh vào cấp cứu (tổng cộng 10 người), với kịch bản chung là đau bụng, nôn ói mệt và yếu dần tay chân sau khi ăn món cá chép muối ủ chua.",NEI,NEI,True
dev_4034,4034,"Giải pháp hóa đơn điện tử của VNPT không yêu cầu doanh nghiệp, cá nhân phải nộp báo cáo thuế cho cơ quan thuế do hệ thống tự động gửi dữ liệu cho cơ quan thuế.","Sử dụng giải pháp hóa đơn điện tử khởi tạo từ máy tính tiền của VNPT giúp các doanh nghiệp, hộ cá nhân kinh doanh dễ dàng lập tờ khai đăng ký sử dụng hóa đơn điện tử có mã khởi tạo từ máy tính tiền, tạo dải ký hiệu hóa đơn điện tử khởi tạo từ máy tính tiền, tạo và phát hành hóa đơn điện tử khởi tạo từ máy tính tiền, gửi hóa đơn cho người mua hàng có thông tin email đồng thời dễ dàng tra cứu thông tin hóa đơn đã phát hành. Trong trường hợp có sai sót, các đơn vị kinh doanh có thể dễ dàng hủy/thay thế/ điều chỉnh HDDT khởi tạo từ máy tính tiền theo đúng quy định. Hệ thống được kết nối tự động, trực tiếp với hệ thống truyền nhận dữ liệu đến cơ quan thuế.",Refuted,Refuted,True
dev_5950,5950,"Tính năng Family Pairing của TikTok tại Mỹ cho phép bố mẹ giám sát các phần mềm mà trẻ sử dụng, phần mềm sẽ giới hạn nội dung và quảng cáo mà trẻ có thể tiếp nhận phù hợp.",Tính năng Family Pairing ra mắt năm 2021 trong TikTok cho phép bố mẹ giám sát việc sử dụng phần mềm của con cái hiện chỉ có tại Mỹ.,Supported,NEI,False
dev_6160,6160,Chương trình Tư vấn mùa thi tổ chức tại Trường THPT Trưng Vương có sự tham gia của Trưởng phòng khảo thí và iểm phòng Khảo thí và kiểm định chất lượng Sở GD-ĐT.,"Chương trình có sự tham gia của ông Võ Thiện Cang, Trưởng phòng Khảo thí và kiểm phòng Khảo thí và kiểm định chất lượng Sở GD-ĐT; tiến sĩ Nguyễn Quốc Chính, Giám đốc Trung tâm khảo thí và đánh giá chất lượng đào tạo ĐH Quốc gia TP.HCM (cũng là cựu học sinh của Trường THPT Trưng Vương) và tiến sĩ Phạm Tấn Hạ, Phó hiệu trưởng Trường ĐH Khoa học xã hội và nhân văn TP.HCM.",Supported,Refuted,False
dev_632,632,Mức học phí của các cơ sở giáo dục đại học công lập năm học 2021 - 2022 tăng 25% so với năm học 2020-2021.,"Theo đó, mức học phí của các cơ sở giáo dục đại học công lập năm học 2021 - 2022 giữ ổn định, không tăng so với năm học 2020-2021.",Refuted,Refuted,True
dev_6262,6262,Các ban quản lý dự án phải chịu trách nhiệm trước Chính phủ nhưng lượng tiền không có sẵn cho các dự án.,"""Nếu không chủ động tháo gỡ hoặc kịp thời báo cáo, các ban quản lý dự án phải chịu trách nhiệm trước Chính phủ, Bộ Giao thông Vận tải.",Refuted,NEI,False
dev_2765,2765,Dù CR7 sẽ 40 tuổi vào thời điểm Euro 2024 khai mạc nhưng cựu HLV đội tuyển Bỉ Martinez vẫn quyết liệt giữ Ronaldo ở lại đội tuyển.,"Nhưng cựu HLV đội tuyển Bỉ Martinez, đã quyết liệt giữ Ronaldo ở lại đội tuyển.",Refuted,Refuted,True
dev_4896,4896,Sở Giáo dục và Đào tạo đã chỉ đạo các trường học tạm thời đóng cửa để ngăn chặn hình thức lừa đảo mới tiếp diễn.,"Với chiêu thức lừa đảo mới này, Sở Giáo dục và Đào tạo TP Hồ Chí Minh đã yêu cầu các cơ sở giáo dục tiếp tục rà soát, chấn chỉnh công tác truyền thông, liên lạc giữa cơ sở giáo dục với gia đình học sinh, sinh viên; đảm bảo các kênh thông tin giữa nhà trường và phụ huynh luôn được thông suốt.",NEI,Refuted,False
dev_4803,4803,"Trên trang Instagram của AILife, các bản ghi âm của robot thu hút đến 18.000 lượt xem.",Các bản ghi âm của robot thường xuyên thu hút hơn 8.000 lượt xem trên trang Instagram của AILife.,Refuted,Refuted,True
dev_2409,2409,Khi các tín đồ đạo Hindu đang ăn mừng Ram Navami thì sàn nhà bên dưới họ sập xuống làm cho hàng chục người rơi xuống bậc thang của giếng cổ.,"Vụ việc xảy ra khi các tín đồ đạo Hindu đang ăn mừng Ram Navami, ngày lễ được tổ chức như ngày sinh của vị thần Ram trong đạo Hindu.",Supported,NEI,False
dev_4648,4648,Có ba mức đo nồng độ tương ứng với 3 mức phạt và 3 đối tượng riêng biệt.,"Đây là con số vi phạm xử lý rất cao, trong đó, mức vi phạm dưới 0,25mg/L khí thở là hơn 48.000 trường hợp, mức 0,25-0,4mg/L khí thở hơn 17 nghìn trường hợp và mức trên 0,4mg/L khí thở là hơn 31 nghìn trường hợp. Điều đáng nói, trong số các trường hợp vi phạm nồng độ cồn có tới 1.438 trường hợp không chấp hành việc đo nồng độ cồn và bị xử lý ở mức kịch khung (mức trên 0,4mg/L khí thở).",NEI,Refuted,False
dev_820,820,"Cơ quan Giáo dục Thành phố New York _Mỹ, Bộ Giáo Dục và Đào tạo Việt Nam đã cấm ChatGPT khỏi các thiết bị và mạng của trường học vào đầu tháng 1, với lý do lo ngại về ""tác động tiêu cực đến việc học tập của học sinh"".","Thậm chí, Cơ quan Giáo dục Thành phố New York _Mỹ đã cấm ChatGPT khỏi các thiết bị và mạng của trường học vào đầu tháng 1, với lý do lo ngại về ""tác động tiêu cực đến việc học tập của học sinh"".",NEI,NEI,True
dev_737,737,Võ Minh Lâm đoạt giải Chuông Vàng hát truyền thống 2006.,"Tôi đã dự tính làm nhiều MV cho cha, nào ngờ chưa kịp thực hiện thì cha lại ra đi” Các giải thưởng của Nghệ sĩ Võ Minh Lâm: Chuông vàng Ngôi sao vọng cổ truyền hình năm 2006, Huy chương bạc Hội diễn sân khấu chuyên nghiệp toàn quốc năm 2009 và 2012, Huy chương vàng giải Trần Hữu Trang 2012, Huy chương vàng Tài năng trẻ toàn quốc năm 2014, Huy chương vàng Hội diễn sân khấu chuyên nghiệp toàn quốc năm 2015, Giải Mai Vàng 2010, 2018, 2019, 2022, Giải HTV Awards 2013, Huy chương vàng Liên hoan sân khấu Cải lương chuyên nghiệp toàn quốc 2015, 2018, 2022…",Supported,Refuted,False
dev_7024,7024,Triều Tiên tiến hành thử tên lửa đạn đạo tầm xa.,"(Ảnh: KCNA) Hàn Quốc nói rằng Triều Tiên đã phóng một tên lửa đạn đạo tầm ngắn ra bờ biển phía Đông hôm 8/3, củng cố thêm bước chuẩn bị mà giới phân tích cho rằng sẽ dẫn đến việc Bình Nhưỡng phóng đồng loạt tên lửa xuống cùng một khu vực.",Refuted,Supported,False
dev_7326,7326,Hiệu trưởng Trường đại học Kinh tế TP.HCM kiến nghị thực hiện chính sách kích cầu nhầm nâng cao cơ sở vật chất đồng thời nên có chính sách tín dụng sinh viên.,"Góp ý với lãnh đạo TP.HCM, ông Sử Đình Thành - hiệu trưởng Trường đại học Kinh tế TP.HCM - cho biết chính sách kích cầu của thành phố là một trong những yếu tố giúp trường có được cơ sở vật chất khang trang như hiện nay.",Supported,NEI,False
dev_5194,5194,"Sau khi chứng kiến đội U23 của HLV Philippe Troussier thi đấu thất vọng trên đất Qatar, Tờ Thairath cho rằng những người hâm mộ bóng đá Việt Nam thực sự nhớ HLV Park Hang Seo- huấn luyện viên cũ người đồng hành cùng đội bóng năm 2015, người mà đã bảo vệ tấm huy chương vàng ở hai kỳ SEA Games liên tiếp.",Tờ Thairath cho rằng những người hâm mộ bóng đá Việt Nam thực sự nhớ HLV Park Hang Seo sau khi chứng kiến đội U23 của HLV Philippe Troussier thi đấu thất vọng trên đất Qatar.,NEI,NEI,True
dev_1452,1452,Tâm hứa trong thời hạn 3-8 ngày sẽ trả lại đủ số tiền cho các bị hại.,Tâm hứa trong thời hạn 3-7 ngày sẽ trả lại đủ số tiền cho các bị hại.,Refuted,Refuted,True
dev_4077,4077,Bộ GD&ĐT vừa có phúc đáp kiến nghị của cử tri Thanh Hóa sau khi phát hiện sự không công bằng trong học bạ.,"Bộ GD&ĐT vừa có phúc đáp kiến nghị của cử tri Thanh Hóa về việc nghiên cứu bỏ việc xét tuyển đại học qua học bạ do đang nảy sinh việc ""làm đẹp"" học bạ và ""chạy điểm"".",NEI,Refuted,False
dev_2384,2384,"Bệnh viện Bạch Mai tiếp nhận 38 em học sinh, hiện 14 em đã ra viện, còn lại đều có sức khỏe ổn định, Bệnh viện Xây dựng tiếp nhận 26 em, nhưng sức khỏe các em chưa ổn định.","Cụ thể tại Bệnh viện Bạch Mai có 38 học sinh vào viện, hiện đã có 14 em ra viện, còn lại 24 em có sức khỏe ốn định. Tại Bệnh viện Xây Dựng tiếp nhận 26 học sinh nhập viện, hiện tại sức khỏe các cháu đều ổn định, dự kiến các trẻ được ra viện trong ngày 29/3.",Refuted,Refuted,True
dev_5766,5766,"Sở Tài nguyên và Môi trường, Ban Quản lý dự án đầu tư xây dựng công trình hạ tầng kỹ thuật và nông nghiệp TP, Công ty TNHH MTV Môi trường đô thị Hà Nội sẽ hỗ trợ công việc.","Trực tiếp theo dõi, chỉ đạo: Sở Tài nguyên và Môi trường, Ban Quản lý dự án đầu tư xây dựng công trình hạ tầng kỹ thuật và nông nghiệp TP, Công ty TNHH MTV Môi trường đô thị Hà Nội.",Refuted,NEI,False
dev_896,896,Đội U23 Việt Nam đã trải qua giải giao hữu Doha Cup vô cùng thất vọng khi U23 Việt Nam thua U23 Kyrgyzstan ở loạt đá luân lưu.,(Dân trí) - Báo chí Thái Lan đã lên tiếng chê bai hàng công của U23 Việt Nam khi đoàn quân HLV Troussier không thể ghi bàn ở giải giao hữu Doha Cup. U23 Việt Nam thua U23 Kyrgyzstan ở loạt đá luân lưu Đội U23 Việt Nam đã trải qua giải giao hữu Doha Cup vô cùng thất vọng.,Supported,Supported,True
dev_357,357,"Bất chấp bối cảnh thị trường tài chính trong và ngoài nước có nhiều biến động, theo báo cáo tài chính quý V/2022, LBP vẫn đạt kết quả khả quan, nằm trong top các ngân hàng thương mại cổ phần lớn tại Việt Nam.","Báo cáo tài chính quý IV/2022 cho thấy, LPB vẫn đạt kết quả khả quan bất chấp bối cảnh thị trường tài chính trong và ngoài nước có nhiều biến động.",Refuted,NEI,False
dev_2671,2671,"Triển lãm ""Đà Nẵng nhìn từ biển qua Di sản tư liệu thế giới - Châu bản triều Nguyễn"" giới thiệu nhiều tư liệu lịch sử quý, góp phần làm sáng tỏ vai trò, vị thế của vùng biển Đà Nẵng trong lịch sử.","Triển lãm lần đầu công bố gần 100 văn bản lưu hình dấu và bút tích vua phê - những sử liệu tín thực góp phần làm sáng tỏ vai trò, vị thế của vùng biển Đà Nẵng trong lịch sử.",Supported,Refuted,False
dev_2572,2572,"Năm 2022, nhờ vào các kế hoạch triển khai phát triển lâm nghiệp của nhà nước đề ra đã đạt được sự thành công, người dân đã được tạo nguồn thu nhập và sinh kế thông qua các hoạt động sản xuất lâm nghiệp, chính sách khoán bảo vệ rừng và dịch vụ môi trường rừng. Nhờ vào đó góp phần xóa đói giảm nghèo, tăng thêm thu nhập cho dân.","Các hoạt động sản xuất lâm nghiệp, chính sách khoán bảo vệ rừng, dịch vụ môi trường rừng cho hộ gia đình, cá nhân và cộng đồng dân cư đã tạo nguồn thu nhập và sinh kế cho người dân…",NEI,NEI,True
dev_402,402,"Diễn giả Lâm Minh Chánh và diễn giả Phan Dũng Khánh sẽ đưa ra những phân tích, câu chuyện về tài chính, kênh đầu tư,...",Chuyên đề có sự tham gia của diễn giả Lâm Minh Chánh - Chủ tịch Học viện Kinh doanh và Tài chính BizUni và diễn giả Phan Dũng Khánh - Giám đốc Tư vấn Đầu tư Maybank Investment Bank.,Supported,NEI,False
dev_7481,7481,"Trong cuộc phỏng vấn trên truyền hình Nga, Tổng thống Vladimir Putin không đồng ý với nhà báo điều tra người Mỹ Seymour Hersh tham gia vào điều tra vụ nổ đường ống khí đốt.","Trong cuộc phỏng vấn trên truyền hình Nga ngày 25.3, Tổng thống Vladimir Putin cho biết ông đồng ý với nhà báo điều tra người Mỹ Seymour Hersh về vụ nổ đường ống khí đốt Nord Stream hồi tháng 9 năm ngoái, theo TASS.",Refuted,Refuted,True
dev_2731,2731,Việt Nam đứng cuối bảng xếp hạng chung cuộc tại Doha Cup 2023 sau trận đấu với U23 Kyrgyzstan.,Kết quả này khiến Việt Nam đứng cuối bảng xếp hạng chung cuộc tại Doha Cup 2023.,Supported,NEI,False
dev_4737,4737,Sau phiên ngày 23/3 bảng giá năng lượng với giá WTI và giá dầu Brent được giữ nguyên so với ban đầu.,Bảng giá năng lượng kết thúc ngày 23/3.,Refuted,Refuted,True
dev_3673,3673,"Nhà trưng bày văn hóa Sa Huỳnh được xây dựng bên cạnh đàm An Khê, nơi tìm ra phần lớn các cổ vật.",Nhà trưng bày văn hóa Sa Huỳnh được xây dựng bên cạnh đầm An Khê (Ảnh: Quốc Triều).,NEI,NEI,True
dev_4732,4732,Đội tuyển Việt Nam từ tháng 3/2023 không thi đấu trận nào nên đã bị giảm một bậc xuống hạng 95 thế giới.,"Trong đợt FIFA Days tháng 3/2023, đội tuyển Việt Nam không thi đấu trận nào.",Refuted,NEI,False
dev_5639,5639,Mạng lưới trung tâm đăng kiểm sẽ tập trung vào các thành phố lớn trên cả nước để giải quyết tình trạng ùn tắc đăng kiểm hiện tại.,"Cũng theo chỉ đạo của Bộ trưởng Nguyễn Văn Thắng, mạng lưới trung tâm đăng kiểm cũng cần tập trung vào các thành phố lớn, có nhu cầu cao như: Hà Nội, TP Hồ Chí Minh, Hải Phòng.",Supported,NEI,False
dev_1605,1605,TS Võ Kim Cương cho rằng trồng cây xanh là giải pháp tạo bóng mát tốt và bền vững hơn so với việc lắp đặt mái tôn.,"TS Võ Kim Cương, nguyên Phó Kiến trúc sư trưởng TP HCM, cho rằng việc tạo bóng cho người dân, du khách khu vực trung tâm là tốt, tuy nhiên phương án lắp mái che bằng tôn là không phù hợp. Ngoài kinh phí đầu tư còn phải tốn chi phí bảo trì, bảo dưỡng.",Supported,NEI,False
dev_5299,5299,"Trước khi được Masan đầu tư, Phúc Long chỉ là chuỗi trà và cà phê nhỏ, cho đến khi có Masan trở thành công ty mẹ mới vươn lên tăng trưởng vượt bậc.","Chỉ một năm sau đó, định giá Phúc Long đã tăng gấp 6 lần và Masan phải chi hơn 6.100 tỉ đồng để mua thêm 65% cổ phần và trở thành công ty mẹ của hệ thống trà - cà phê này.",NEI,Refuted,False
dev_6538,6538,"Công an TP Hồ Chí Minh cho biết tối 28/3, đã làm việc với Lê Văn Bậm và Nguyễn Thảo Nguyên trong việc bé trai bị nghi cho hút ma túy, theo kết quả, cả hai người này đều dương tính với ma túy.","Tối 27/3, Công an TP Hồ Chí Minh thông tin cho biết đã làm việc với Lê Văn Bậm và Nguyễn Thảo Nguyên (mẹ ruột của bé trai).",Refuted,Refuted,True
dev_4524,4524,"Chính phủ ban hành Nghị định số 08/2023/NĐ-CP sửa đổi bổ sung và ngừng hiệu lực thi hành một số điều ngày 5/3/2022 tại Nghị định quy định về chào bán, giao dịch trái phiếu doanh nghiệp.","Ông Nguyễn Văn Đính, Chủ tịch Hội Môi giới bất động sản Việt Nam - Ảnh: VGP/Toàn Thắng Ngày 5/3/2022, Chính phủ ban hành Nghị định số 08/2023/NĐ-CP sửa đổi bổ sung và ngừng hiệu lực thi hành một số điều tại Nghị định quy định về chào bán, giao dịch trái phiếu doanh nghiệp riêng lẻ tại thị trường trong nước và chào bán trái phiếu doanh nghiệp ra thị trường quốc tế (Nghị định số 153/2020/NĐ-CP ban hành ngày 31/12/2020, có hiệu lực từ ngày 1/1/2021).",Supported,Supported,True
dev_6610,6610,"Vụ nổ xảy ra khiến 1 người lớn, 2 cháu nhỏ thiệt mạng và 3 người khác bị thương nặng vẫn nằm trong phòng cấp cứu.","Như vậy, đến sáng 28-3, vụ nổ đầu đạn tại thôn Kon Đao Yôp đã cướp đi 3 sinh mạng, 3 người khác bị thương.",Supported,NEI,False
dev_4731,4731,"Tập trung ở 2 huyện Buôn Đôn và Lắk trên địa bàn Đắk Lắk có 37 con voi nhà, trong đó 20 con voi cái và 17 con voi đực, ngoài ra huyện Xà Bôn cũng có vài con voi nhỏ.","Hiện trên địa bàn Đắk Lắk có 37 con voi nhà, trong đó 20 con voi cái và 17 con voi đực; tập trung ở 2 huyện Buôn Đôn và Lắk.",NEI,NEI,True
dev_2114,2114,"Sáng 17-3, tiếp tục phiên họp thứ 21, Ủy ban Thường vụ Quốc hội cho ý kiến về đề nghị bổ sung vào Chương trình xây dựng luật, pháp lệnh năm 2023 đối với dự án Luật CCCD (sửa đổi).","Sáng 17-3, tiếp tục phiên họp thứ 21, Ủy ban Thường vụ Quốc hội cho ý kiến về đề nghị bổ sung vào Chương trình xây dựng luật, pháp lệnh năm 2023 đối với dự án Luật CCCD (sửa đổi).",Supported,Supported,True
dev_2107,2107,"Sau khi điều tra thì công an đã phát hiện các đối tượng nghi tình nghi đang cư trú và kinh doanh trà sữa, bánh tráng trộn ở Củ Chi.","Sau thời gian truy tìm, Công an đã phát hiện B.",NEI,NEI,True
dev_3180,3180,"Mặt hàng Macbook đang giảm giá khá mạnh do sức tiêu thụ chậm, đặc biệt là dòng Air M1.",(NLĐO) - Dự báo mặt hàng Macbook sẽ còn giảm giá tiếp trong thời gian tới do sức tiêu thụ hiện nay quá chậm cũng như thời gian tới không phải là thời điểm mua sắm.,Supported,NEI,False
dev_6356,6356,Nghệ sĩ Duy Sơn giã từ nghệ thuật khi cải lương đang trên đà phát triển.,"Sau này, do cải lương xuống dốc, nghệ sĩ Duy Sơn quyết định giải nghệ nhưng ông vẫn truyền tinh thần của nghệ thuật cải lương cho con trai mình. Năm 16 tuổi, Võ Minh Lâm là diễn viên đầu tiên và trẻ tuổi nhất giành giải thưởng Chuông Vàng vọng cổ, sau đó trở thành ngôi sao hàng đầu trên sân khấu cải lương.",Refuted,Refuted,True
dev_6865,6865,Lãnh đạo Công an quận Hải Châu (TP Đà Nẵng) cho biết sáng 25/3 đã bắt được đối tượng đập phá cây ATM Ngân hàng Thương mại CP Đông Á trên đường Lê Duẩn..,"TPO - Sáng 25/3, lãnh đạo Công an quận Hải Châu (TP Đà Nẵng) cho biết, đã bắt được đối tượng đập phá cây ATM Ngân hàng Thương mại CP Đông Á trên đường Lê Duẩn.",Supported,Supported,True
dev_3498,3498,"Tại sự kiện Đêm hội Weibo tối ngày 27/3, Lưu Diệc Phi đã diện thiết kế xếp hình lông vũ gây sốt cộng đồng mạng.","Tại sự kiện, Lưu Diệc Phi diện thiết kế xếp hình lông vũ.",Refuted,NEI,False
dev_7108,7108,"Tàu hạ cánh lúc 17h46 ngày 28/3, giờ địa phương (18h46 giờ Việt Nam) gần thị trấn Zhezkazgan của Kazakhstan, hình ảnh truyền dẫn trực tiếp từ Cơ quan Vũ trụ Liên bang Nga (Roscosmos).","Hình ảnh truyền dẫn trực tiếp từ Cơ quan Vũ trụ Liên bang Nga (Roscosmos) cho thấy tàu hạ cánh lúc 17h46 ngày 28/3, giờ địa phương (18h46 giờ Việt Nam) gần thị trấn Zhezkazgan của Kazakhstan.",Supported,Supported,True
dev_949,949,"Sự bài Á chủ yếu là do người da trắng dẫn đầu, họ phân biệt đối xử, đánh đập người châu Á.","Với sự gia tăng bài Á những năm gần đây, phụ nữ châu Á đi du lịch một mình gặp nhiều rủi ro.",NEI,NEI,True
dev_4286,4286,"PGS.TS Trần Cao Bính 55 tuổi, Giám đốc Bệnh viện Răng - Hàm - Mặt Trung ương Hà Nội nhấn mạnh dị tật này có thể điều trị được, điều trị tốt, việc điều trị sớm, điều trị toàn diện sẽ giúp trẻ trở thành một đứa trẻ bình thường, hòa nhập với cộng đồng nên các cặp vợ chồng không nên vì trẻ bị dị tật này mà đình chỉ thai kỳ.","Dị tật này có thể điều trị được, điều trị tốt, việc điều trị sớm, điều trị toàn diện sẽ giúp trẻ trở thành một đứa trẻ bình thường, hòa nhập với cộng đồng"", PGS Bính nhấn mạnh. Điều trị toàn diện là từ khi phát hiện ra những bất thường ở trẻ từ trong bào thai và kéo dài đến khi trẻ được 18 tuổi.",NEI,NEI,True
dev_6528,6528,Nguyễn Việt Dũng đã có bài nghiên cứu đăng trên các tạp chí quốc tế và đạt giải trong các cuộc thi toán học.,"Từ năm thứ ba, Dũng bắt đầu nghiên cứu khoa học và có bài đăng trên tạp chí quốc tế, giành giải nhì sinh viên nghiên cứu khoa học cấp Bộ Giáo dục và Đào tạo.",Supported,NEI,False
dev_2331,2331,Bộ Tư pháp chỉ định một công tố viên đặc biệt điều tra cáo buộc ông Trump tích trữ vàng trái phép và âm ưu tìm cách lật ngược kết quả bầu cử năm 2020.,Một công tố viên đặc biệt do Bộ Tư pháp chỉ định đang điều tra cáo buộc ông Trump tích trữ các tài liệu mật và âm ưu tìm cách lật ngược kết quả bầu cử năm 2020.,Refuted,Refuted,True
dev_7207,7207,Trong tổng số 22 hang động thì có 20 hang động được phát hiện ở khu vực Phong Nha Kẻ Bàng.,2 hang động còn lại được phát hiện ở khu vực Phong Nha Kẻ Bàng.,Refuted,Refuted,True
dev_1579,1579,"Các hạng mục như: nút giao, cầu vượt ngang, hệ thống an toàn giao thông…, đảm bảo đưa công trình vào khai thác, sử dụng trước ngày 30-4-2023 nhưng hiện chưa rõ thời gian thi công các hạng mục còn lại của đoạn Dầu Giây-Phan Thiết.","Theo đó, Bộ GTVT yêu cầu các ban quản lý dự án chỉ đạo các nhà thầu tổ chức thi công hoàn thành công tác thảm bê tông nhựa mặt đường và hoàn thiện các hạng mục còn lại như: nút giao, cầu vượt ngang, hệ thống an toàn giao thông…, đảm bảo đưa công trình vào khai thác, sử dụng trước ngày 30-4-2023.",NEI,NEI,True
dev_5096,5096,Paetongtarn sẽ trở thành thủ tướng trẻ nhất lịch sử Thái Lan ở tuổi 30 nếu đắc cử.,"Nếu đắc cử, Paetongtarn sẽ trở thành thủ tướng trẻ nhất lịch sử Thái Lan.",NEI,NEI,True
dev_1646,1646,Trường sẽ xếp lớp cho sinh viên thông qua việc kiểm tra đánh giá trình độ và sinh viên thường dành khoảng 1 năm học để tham gia khóa này trước khi học chương trình chính thức.,"""Nếu nói tiếng Anh không tốt, chúng tôi sẽ hỗ trợ bạn"", bà Shannon khẳng định, cho biết thêm trường sẽ tổ chức kiểm tra đánh giá trình độ và xếp lớp. Sinh viên thường dành khoảng 1 học kỳ để tham gia khóa này trước khi bước vào chương trình chính thức.",Refuted,NEI,False
dev_3852,3852,Thí sinh chưa có chứng chỉ tiếng Anh theo quy định của trường sẽ được hỗ trợ thi đánh giá năng lực tiếng Anh với đề được ra dựa trên khung tham chiếu ngôn ngữ chung châu Phi.,"Trường ĐH Tôn Đức Thắng nhận hồ sơ đăng ký dự thi các môn năng khiếu đợt 1 từ ngày 1.4 T.Đ.T Ngoài ra, thí sinh chưa có chứng chỉ tiếng Anh quốc tế theo quy định của Trường ĐH Tôn Đức Thắng đăng ký xét tuyển vào chương trình ĐH bằng tiếng Anh và chương trình liên kết đào tạo quốc tế sẽ được nhà trường hỗ trợ thi đánh giá năng lực tiếng Anh, với đề thi được xây dựng theo khung tham chiếu ngôn ngữ chung châu Âu (CEFR), đảm bảo tính công bằng và khách quan cho thí sinh dự tuyển.",Refuted,Supported,False
dev_2965,2965,"Anh TTL (ngụ huyện Cư Kuin, Đắk Lắk) 35 tuổi đưa bố 60 tuổi đi khám bệnh nhưng bệnh viện không có loại thuốc đặc trị nên yêu cầu gia đình ra mua ở quầy thuốc đối diện.","Anh TTL (ngụ huyện Cư Kuin, Đắk Lắk) phản ánh: ""Tôi đưa bố đi khám bệnh, bác sĩ nói trong bệnh viện không có loại thuốc đặc trị nên yêu cầu gia đình ra mua ở quầy thuốc đối diện.",NEI,NEI,True
dev_684,684,Nhật Bản không có nhiều cầu thủ chơi cho các CLB quốc tế nên có thể có nhiều phương án thay thế khi chấn thương hơn Columbia.,"Nhưng khác với Colombia, Nhật Bản lại có nhiều phương án để thay thế, đặc biệt là trên hàng công. Sự dồi dào về đội hình, cái duyên trước các đội bóng Nam Mỹ nhiều khả năng sẽ giúp Nhật Bản giành chiến thắng.",NEI,NEI,True
dev_5231,5231,Nghi phạm Võ Ngọc Danh trong vụ việc có tiền sử hành vi bạo lực hay không.,Võ Ngọc Danh là nghi phạm đâm chết đồng nghiệp vì mâu thuẫn khi hát karaoke loa kẹo kéo.,NEI,NEI,True
dev_2122,2122,Cửa khẩu quốc tế Hữu Nghị đã làm thủ tục xuất nhập cảnh cho trên 20.000 lượt người chỉ trong hai tháng đầu năm 2023.,"Chỉ tính riêng hai tháng đầu năm 2023, cửa khẩu quốc tế Hữu Nghị đã làm thủ tục xuất nhập cảnh cho trên 16.000 lượt người.",Refuted,Refuted,True
dev_1676,1676,"Tỉnh Long An đặt mục tiêu phát hiện và xử lý kịp thời tất cả các ổ dịch bệnh truyền nhiễm mới, tập huấn cho các cán bộ liên quan về giám sát và báo cáo dịch bệnh bằng hệ thống báo cáo điện tử.","Ngành cần tăng cường và mở rộng triển khai giám sát dựa vào sự kiện (EBS) lồng ghép với hệ thống giám sát thường xuyên (giám sát dựa vào chỉ số); duy trì tỷ lệ tiêm chủng cho trẻ em và phụ nữ có thai trong Chương trình tiêm chủng mở rộng; giữ vững thành quả thanh toán bại liệt, loại trừ uốn ván sơ sinh và giảm tỷ lệ mắc các bệnh có vaccine trong Chương trình tiêm chủng mở rộng như: bạch hầu, ho gà, uốn ván, sởi, viêm não Nhật Bản, viêm gan B...; đồng thời, đẩy mạnh các hoạt động y tế trường học, thực hiện tốt việc bảo vệ sức khỏe cho học sinh. Năm 2023, Long An đề ra chỉ tiêu 100% bệnh, dịch bệnh mới phát sinh được phát hiện và xử lý kịp thời; 100% cán bộ làm công tác thống kê, báo cáo bệnh truyền nhiễm được tập huấn về giám sát, công tác báo cáo bệnh truyền nhiễm, nâng cao chất lượng và áp dụng hệ thống báo cáo điện tử; 100% hành khách xuất, nhập cảnh được giám sát, kiểm tra, xử lý y tế theo đúng quy định không để dịch bệnh xâm nhập qua cửa khẩu...",Supported,Refuted,False
dev_742,742,"Đà Nẵng có vai trò quan trọng nhất trong việc triển khai chương trình hợp tác phát triển kinh tế - xã hội giữa TP HCM với các tỉnh Bắc Trung Bộ - duyên hải Trung Bộ, trung du và miền núi Bắc Bộ.","Tiếp tục hợp tác để cùng phát triển Ông Nguyễn Đức Trung - Chủ tịch UBND tỉnh Nghệ An - cho biết TP HCM có vị trí và vai trò rất quan trọng trong việc triển khai chương trình hợp tác phát triển kinh tế - xã hội giữa TP HCM với các tỉnh Bắc Trung Bộ - duyên hải Trung Bộ, trung du và miền núi Bắc Bộ.",Refuted,Refuted,True
dev_4606,4606,"Chủ quán nhậu Victory ông Phan Duy Tân, 38 tuổi, bị phạt 12,5 triệu đồng, chủ quán Max Beer Garden ông Lê Kim Dũng bị phạt 20 triệu do tái phạm nhiều lần, Max Beer Garden và Victory phải đóng cửa, dừng hoạt động.","Ngoài ra, chủ quán nhậu này là ông Phan Duy Tân, 38 tuổi, bị phạt 12,5 triệu đồng do tái phạm nhiều lần.",NEI,NEI,True
dev_6340,6340,"Giải pháp hóa đơn điện tử của VNPT không tương thích với mọi loại hình doanh nghiệp mà chỉ phù hợp với những doanh nghiệp cung cấp dịch vụ, bán hàng trực tiếp cho người tiêu dùng.","Theo điều 8 của Thông tư 78/2021/TT-BTC và khoản 4 điều 9 Nghị định 123/2020/NĐ-CP, các doanh nghiệp, hộ cá nhân kinh doanh nộp thuế theo phương pháp kê khai có hoạt động cung cấp hàng hóa, dịch vụ trực tiếp đến người tiêu dùng theo mô hình kinh doanh như trung tâm thương mại; siêu thị; bán lẻ hàng tiêu dùng; ăn uống; nhà hàng; khách sạn; bán lẻ thuốc tân dược; dịch vụ vui chơi, giải trí…được lựa chọn sử dụng hóa đơn điện tử khởi tạo từ máy tính tiền có kết nối chuyển dữ liệu điện tử với cơ quan thuế hoặc hóa đơn điện tử có mã, hóa đơn điện tử không có mã.",Refuted,Refuted,True
dev_2014,2014,"C03 đánh giá hành vi của hai nguyên phó chủ tịch Hà Nội và các lãnh đạo, cán bộ cơ sở ngành trên là không có ""dấu hiệu sai phạm"" nhưng do bị ông Chung chi phối cũng như áp đặt nên C03 đã nhận định họ ""không vụ lợi, không có động cơ cá nhân khác và không biết hành vi nâng khống giá cây"".","C03 nhận định họ ""không vụ lợi, không có động cơ cá nhân khác và không biết hành vi nâng khống giá cây"".",Refuted,NEI,False
dev_6634,6634,Ông Sheikh Khaled làm thái tử của Abu Dhabi vì ở đây có nhiều dầu mỏ bán được giá nhất thế giới.,"Tổng thống Các Tiểu vương quốc Ả Rập Thống nhất (UAE) Sheikh Mohammed bin Zayed Al Nahyan đã bổ nhiệm con trai cả Sheikh Khaled làm thái tử của Abu Dhabi, tiểu vương quốc lớn nhất trong 7 tiểu vương quốc tạo nên quốc gia vùng Vịnh này, đài CNN đưa tin ngày 30.3 Trong một sắc lệnh riêng rẽ trong ngày 29.3, Thái tử Sheikh Khaled cũng được bổ nhiệm làm người đứng đầu Hội đồng điều hành Abu Dhabi nhằm cải tổ các vấn đề quan trọng ở tiểu vương quốc này.",NEI,NEI,True
dev_689,689,"Trong khi TikTok cần 6 tháng để đạt 100 triệu người dùng thì ChatGPT chỉ mất 2 tháng để thực hiện điều đó, theo Similar Web.","Chỉ mất hai tháng để ứng dụng này đạt 100 triệu người dùng, trong khi TikTok cần 9 tháng, theo Similar Web.",Refuted,Refuted,True
dev_2876,2876,"Cô Hạnh quyết định đi khám bệnh và phát hiện mình bị đồng thời cả tiểu đường và mỡ máu xấu, có thể nói đây là bộ đôi ""sát thủ"" đe dọa sức khỏe người bệnh.","đây là những lý do khiến cô Hạnh quyết định đi khám, để rồi phát hiện mình đồng thời bị cả tiểu đường và mỡ máu xấu.",Supported,NEI,False
dev_6728,6728,"Sở giao thông vận tải thành phố sẽ phối hợp với các trường đại học, viện nghiên cứu để quản lý, giám sát xây dựng các cơ sở hạ tầng giao thông.","Đối với hạ tầng xây dựng, Sở GTVT TP sẽ phối hợp với các chủ đầu tư ứng dụng nền tảng số mô hình thông tin xây dựng BIM trong quản lý, giám sát xây dựng công trình giao thông. Đồng thời, TP sẽ triển khai phần mềm quản lý, theo dõi tiến độ các công trình giao thông trọng điểm trên địa bàn TP. Sở GTVT TP sẽ phối hợp với các trường đại học, Viện Nghiên cứu triển khai các chương trình đào tạo dành cho cán bộ ngành giao thông vận tải để bồi dưỡng nâng cao kỹ năng số, bổ sung kiến thức về chuyển đổi số.",Refuted,Supported,False
dev_6651,6651,"Đội tuyển Thái Lan đều thất bại dễ dàng trong cả 2 trận đấu giao hữu, trước đó ở trận đối đầu gặp Iran, các ""Voi chiến"" đã thua với tỷ số 1-3.","Đội tuyển Thái Lan (trái) thi đấu kém hiệu quả trước UAE FAT ""Cả 2 trận đấu này, đội tuyển Thái Lan đều thất bại khá dễ dàng"", theo tờ Siamsport.",Refuted,Refuted,True
dev_6367,6367,"Phim kể về một cô gái trẻ người Mông tên Di phải đối mặt với những thử thách khi lớn lên tại một ngôi làng truyền thống ở Sa Pa, Việt Nam.",Những đứa trẻ trong sương (Children of the Mist) là cái tên đầy chất thơ của bộ phim tài liệu Việt Nam vào vòng rút gọn (top 15) của giải Oscar vừa qua.,Supported,NEI,False
dev_4954,4954,"Các sân nhà được các CLB chọn trải dài từ bắc vào nam, từ Bắc GIang đến Thành phố Hồ Chí Minh.",Thời hạn cuối cùng để các CLB hoàn thiện hồ sơ về tư cách cầu thủ được VFF đưa ra vào ngày 12-3.,Refuted,NEI,False
dev_6853,6853,"Tính đến năm 2019, có 53 trung tâm giam giữ người di cư hoạt động trên khắp Mexico đã bị quá tải.","Tính đến năm 2019, có 53 trung tâm giam giữ người di cư hoạt động trên khắp Mexico với tổng sức chứa chính thức là khoảng 3.000 người, theo báo cáo từ Ủy ban Nhân quyền Mexico.",NEI,Refuted,False
dev_6213,6213,"Theo Đại tá Nguyễn Minh Khương, hướng thực thi công tác của đoàn cứu nạn cứu hộ Việt Nam là sử dụng các thiết bị chuyên dụng như máy khoan cắt bê tông, thiết bị dò tìm bằng sóng radar, thiết bị dò tìm nạn nhân bằng camera và âm thanh đồng thời cũng kết hợp với các thiết bị kích nâng để phá khối bê tông, phục vụ cho việc cứu người.","Đó là những thiết bị khoan cắt bê tông, thiết bị dò tìm nạn nhân bằng sóng radar, cũng như thiết bị dò tìm nạn nhân bằng camera và âm thanh. Đoàn cũng đang đồng thời kết hợp với các phương tiện cơ giới hiện có tại địa phương như máy xúc, máy cào, máy cẩu để phục vụ việc di dời, phá vỡ những tấm bê tông tại những khu vực có người bị nạn.",Supported,NEI,False
dev_3658,3658,Một thanh niên trượt kỳ thi tuyển sinh sau đại học ở Trung Quốc thử gửi tin nhắn vào số điện thoại của người cha đã khuất và nhận được dòng tin nhắn hồi âm.,"Cách đây vài ngày, một thanh niên trượt kỳ thi tuyển sinh sau đại học ở Trung Quốc thử gửi tin nhắn vào số điện thoại của người cha đã khuất.",Supported,NEI,False
dev_2058,2058,Công ty MBP ở Canada đã mất 6 tháng để đúc được khuôn.,"Sau phát hiện ở Argentina, các chuyên gia về khủng long đã quét 3D từng mảnh xương riêng lẻ để tạo ra các bản sao làm từ nhựa polyester và sợi thủy tinh, chúng được gắn trên một cấu trúc thép. Một công ty ở Canada đã mất hơn 6 tháng để thực hiện công việc đúc khuôn khổng lồ, dựa trên số lượng xương hóa thạch được khai quật.",NEI,Supported,False
dev_4246,4246,Lò mổ tại gia của bà Như không có giấy phép đã bị lực lượng chức năng đến điều tra vào tối ngày 29/4 tại địa bàn tỉnh Bắc GIang.,"Trước đó, vào lúc 20 giờ 15 phút, ngày 29/3, qua kiểm tra cơ sở giết mổ lợn tại nhà bà Lương Thị Quỳnh Như (sinh năm 1989, ở thôn Mỏ Thổ, xã Minh Đức, huyện Việt Yên, Bắc Giang), tổ công tác đã phát hiện cơ sở này đang mổ 15 con lợn đã chết không rõ nguyên nhân, tổng trọng lượng lợn thịt tại thời điểm kiểm tra là 1,1 tấn.",Refuted,Supported,False
dev_6298,6298,Thời gian bà Nguyễn Phương Hằng bị tạm giam đã tròn 1 tháng trong khi 2 đến 7 năm là khung hình phạt bà có thể nhận được và bà sẽ được bảo lĩnh nếu đủ thời gian tạm giam.,"""Theo tôi, thời gian bà Nguyễn Phương Hằng bị tạm giam đến nay cũng đã tròn 1 năm, trong khi tội danh mà bà phải đối mặt với khung hình phạt từ 2 năm đến 7 năm tù.",Refuted,NEI,False
dev_1677,1677,Vòng loại thứ 2 U20 nữ Châu Á 2024 dự kiến diễn ra từ ngày 16/8 đến 16/9.,Vòng loại thứ 2 U20 nữ châu Á 2024 dự kiến diễn ra từ ngày 3 - 11/6.,Refuted,Refuted,True
dev_1573,1573,Người bị hại Trịnh Quốc Sơn trong lúc xô xát không có hành vi khiêu khích Nguyễn Đình Đạt.,"Viện kiểm sát nhân dân huyện Hương Sơn (Hà Tĩnh) mới đây đã phê chuẩn quyết định khởi tố bị can, lệnh tạm giam đối với Nguyễn Đình Đạt (31 tuổi, trú xã Sơn Hồng, huyện Hương Sơn) về tội Cố ý gây thương tích. Theo điều tra, chiều 21/3, Đạt và nhóm bạn, trong đó có anh Trịnh Quốc Sơn (36 tuổi) cùng ngồi uống rượu bia tại xã Sơn Hồng.",Refuted,Refuted,True
dev_3243,3243,"Lý do ông Quân nhận được cuộc gọi đe dọa ngày 11-2 là vì đã viết bài báo ""Vay gần 56 tỉ, trả 38 tỉ, vẫn bị đòi 52 tỉ đồng"".","Theo đó, ngày 11-2, công an phường đã tiếp nhận tố giác, tin báo về tội phạm của ông Quân, với nội dung: Lúc 15h49, ông Quân nhận được điện thoại từ số 0917…, một người đàn ông gọi điện liên tục đe dọa đòi giết ông Quân và gia đình. Với lý do ông Quân đã viết bài báo có nội dung ""Vay gần 38 tỉ, trả 56 tỉ, vẫn bị đòi 52 tỉ đồng"", đăng trên báo chuyên đề Công an TP.HCM, ảnh hưởng đến người quen của người đàn ông trên.",Refuted,Refuted,True
dev_1094,1094,Bộ NN&PTNT cũng muốn cùng với Sunwah nối lại việc tổ chức diễn đàn xúc tiến thương mại nông sản thường niên và sự kiện xúc tiến thương mại tiêu thụ nông sản trên các lĩnh vực tại cả hai phía Trung Quốc và Việt Nam.,"Bộ NN&PTNT cũng muốn cùng với Sunwah nối lại việc tổ chức diễn đàn xúc tiến thương mại nông sản thường niên trên các lĩnh vực (thủy sản, cà phê, gạo…) tại cả hai phía Trung Quốc và Việt Nam.",NEI,NEI,True
dev_3496,3496,"Đây là năm học đầu tiên HIU trao tặng các suất học bổng lớn như vậy, nhằm tạo điều kiện để ai cũng có thể tiếp cận giáo dục đại học chất lượng từ đó nâng cao số lượng nhân lực chất lượng.","Đây là năm học đầu tiên HIU trao tặng số lượng và giá trị học bổng lớn chưa từng có, với mong muốn tạo cơ hội cho người học ở mọi hoàn cảnh được tiếp cận giáo dục đại học chất lượng cao.",NEI,NEI,True
dev_4713,4713,Độ tuổi ở môn bóng đá được quy định như cũ là U.23 và đội tuyển Việt Nam sẽ được huấn luyện viên Philippe dẫn dắt.,"Tuy nhiên, tại SEA Games 32 năm nay ở Campuchia, độ tuổi ở môn bóng đá nam đã được giới hạn lại là U.22 thay vì U.23 + 3 (là 3 cầu thủ quá tuổi) so với các kỳ gần đây.",Refuted,Refuted,True
dev_5778,5778,"HLV trưởng đội tuyển U20 nữ Trung Quốc cho biết bảng B có các cầu thủ rất mạnh, để chiến thắng cần phải có sự quyết tâm cao.","Nhận xét về các đối thủ, HLV trưởng đội tuyển U20 nữ Việt Nam - ông Akira Ijiri cho biết: “Tôi nghĩ chúng ta đã lọt vào bảng đấu gồm các đội rất mạnh. Để giành chiến thắng, chúng ta phải thật quyết tâm.",Refuted,Refuted,True
dev_4624,4624,"Các bạn trẻ Thừa Thiên - Huế cũng đã cùng nhau tham gia nhiều hoạt động tập thể vì môi trường như dọn dẹp vệ sinh tại đường Trần Huy Liệu, (P.Đông Ba); trồng cây xanh tại công viên Lê Văn Vinh.","Trước đó, trong chiều các bạn trẻ Thừa Thiên - Huế cũng đã cùng nhau tham gia nhiều hoạt động tập thể vì môi trường như dọn dẹp vệ sinh tại đường Trần Huy Liệu, (P.Đông Ba); tham gia ""Đổi rác lấy quà"" và tìm hiểu kiến thức về phân loại rác thải tại nguồn, tái chế tài nguyên rác thải nhựa…",NEI,NEI,True
dev_4401,4401,"Theo Đặng Văn Cường 25 tuổi, Bí thư Đảng ủy xã Văn Khê nhờ được tuyên truyền, vận động về ý nghĩa, tầm quan trọng của tuyến đường Vành đai 4 đối với sự phát triển của Thủ đô nên người dân đều coi đây là công việc chung.","Theo Bí thư Đảng ủy xã Văn Khê, huyện Mê Linh Đặng Văn Cường, nhờ được tuyên truyền, vận động về ý nghĩa, tầm quan trọng của tuyến đường Vành đai 4 đối với sự phát triển của Thủ đô, huyện Mê Linh nói chung cũng như địa bàn xã Văn Khê nói riêng, nên người dân đều coi đây là công việc chung.",NEI,NEI,True
dev_3925,3925,"P. gọi thêm N.K.H cùng 13 thanh, thiếu niên khác (từ 14 đến 16 tuổi) đang học tại THPT Nguyễn Du mang theo dao, rựa đến nơi đã hẹn, P. cùng nhóm bạn truy đuổi, dùng hung khí chém loạn xạ vào nhóm của K.","Sáng 25/3, p. gọi thêm N.K.H (18 tuổi, ngụ phường 2, TP Bảo Lộc) cùng 13 thanh, thiếu niên khác (từ 14 đến 16 tuổi) mang theo dao, rựa đến nơi đã hẹn nhưng không gặp K.",NEI,NEI,True
dev_6101,6101,Em đang băn khoăn không biết việc bị hạ hạnh kiểm có ảnh hưởng đến việc xét tuyển đại học của mình hay không?,Việc hạ hạnh kiểm này có ảnh hưởng đến việc xét tuyển đại học của em không?,Supported,Supported,True
dev_47,47,Cổ phiếu ngân hàng Đức Deutsche Bank giảm do hợp đồng hoán đổi rủi ro tín dụng tăng vọt.,Cổ phiếu của Deutsche Bank đã giảm phiên thứ 3 liên tiếp khi hợp đồng hoán đổi rủi ro tín dụng tăng vọt (Ảnh: Reuters).,Supported,Supported,True
dev_7072,7072,"Xe khách va chạm với xe máy, tài xế xe khách bị văng ra ngoài, đầu tiếp đất tử vong tại chỗ.","TPO - Do tránh va chạm với xe máy đang băng qua đường nên xe khách đã mất lái lao xuống ruộng lúa bên đường, khiến tài xế tử vong tại chỗ.",NEI,NEI,True
dev_3746,3746,Chỉ số HNX-Index trên sàn Hà Nội giảm nhẹ gần 1 điểm còn 205 điểm so với năm 2022 là 210 điểm.,"Ngược lại, trên sàn Hà Nội, chỉ số HNX-Index giảm nhẹ gần 1 điểm còn 205 điểm.",NEI,NEI,True
dev_5980,5980,"Thịt đỏ được chuyển hóa tại gan, chính vì thế khi nạp quá nhiều thịt đỏ vào cơ thể sẽ làm tình trạng gan nhiễm mỡ trở nên nghiêm trọng hơn, có thể gây tử vong.","Vì vậy, khi nạp quá nhiều thịt đỏ vào cơ thể sẽ gây gánh nặng cho gan khiến tình trạng gan nhiễm mỡ ngày trở nên nghiêm trọng hơn.",NEI,NEI,True
dev_2617,2617,"Ngày 3-3, ông Lê Quang Hùng, Giám đốc Sở Y tế Bình Định, cho biết đã có văn bản báo cáo Bộ Y tế về những khó khăn, vướng mắc trong quá trình mua sắm thiết bị y tế của một số bệnh viện trên địa bàn tỉnh này. “Đó là những khó khăn chung của địa phương trong quá trình mua sắm thiết bị y tế. Còn hiện nay vẫn đủ các thiết bị cũng như thuốc men phục vụ việc khám chữa bệnh”- ông Hùng nói.","Ngày 3-3, ông Lê Quang Hùng, Giám đốc Sở Y tế Bình Định, cho biết đã có văn bản báo cáo Bộ Y tế về những khó khăn, vướng mắc trong quá trình mua sắm thiết bị y tế của một số bệnh viện trên địa bàn tỉnh này.",Supported,NEI,False
dev_4749,4749,"Saigon Morin mang đến cho du khách những trải nghiệm thú vị về lịch sử 122 năm, hiện tại còn mang hơi hướng của phong cách kiến trúc Art Deco với vật liệu mới.","Phu nhân cựu Tổng thống Pháp, bà Bernadette Chirac, lưu trú tại khách sạn vào năm 2004 TL Không chỉ có những sản phẩm và dịch vụ chuyên nghiệp, Saigon Morin còn mang đến cho du khách những trải nghiệm thú vị về lịch sử 122 năm.",NEI,NEI,True
dev_1792,1792,"Phản hồi việc đi trễ, ông cho biết mình đã đến trường từ lúc 9h, nhưng phải đi tìm bãi đậu xe ở xa và đi bộ đến bộ, dẫn đến việc lên sân khấu trễ.","Ông đi lòng vòng, được người của ban tổ chức hướng dẫn gửi nhưng cũng không được nên sau đó phải đi tìm chỗ gửi xe khác rồi đi bộ đến trường, dẫn tới việc lên sân khấu trễ.",Refuted,NEI,False
dev_6836,6836,"Tờ Everyday Mail cho biết, một thợ săn nấm người Ấn Độ, 61 tuổi, đã nhiễm một loại bệnh nấm gây chết cây trồng, thậm chí có khả năng gây chết người.",Tờ Daily Mail hôm 29.3 đưa tin trường hợp đầu tiên trên thế giới - một thợ săn nấm người Ấn Độ - đã nhiễm một loại bệnh nấm gây chết cây trồng và cũng có khả năng gây chết người.,Refuted,NEI,False
dev_1216,1216,"Công viên Trịnh Công Sơn nằm ở phường Gia Hội, TP Huế rộng khoảng 6,2 ha, kéo dài gần một km dọc theo hạ nguồn sông Hương, để xây dựng công viên chính quyền đã di dời hàng trăm hộ dân phường Phú Cát cũ, nay là phường Gia Hội.","Nằm ở phường Gia Hội, TP Huế, công viên Trịnh Công Sơn rộng khoảng 6,2 ha, kéo dài gần một km dọc theo hạ nguồn sông Hương.",Supported,NEI,False
dev_1243,1243,"Sehun được biết đến là em út của nhóm với lượng fan hùng hậu, anh luôn kín tiếng về chuyện đời tư, chưa từng công khai bạn gái trong suốt nhiều năm hoạt động vì không muốn bị người hâm mộ quay lưng và bị công ty chỉ trích.","Trong suốt nhiều năm hoạt động, anh kín tiếng về chuyện đời tư, chưa từng công khai bạn gái vì thế khi tin đồn Sehun có người yêu mang thai trước hôn nhân khiến người hâm mộ không khỏi hoang mang.",NEI,NEI,True
dev_4494,4494,Nhờ vào bộ rễ dài đến khó tin của chúng nên loại cây này có khả năng vận chuyển đến lá các hạt vàng cực to từ các mỏ sâu.,Loại cây này có khả năng vận chuyển đến lá các hạt vàng cực nhỏ từ các mỏ sâu nhờ vào bộ rễ dài đến khó tin của chúng.,Refuted,Refuted,True
dev_6742,6742,Các cuộc tập trận quân sự do Triều Tiên tiến hành chỉ mang tính chất phòng thủ.,"TPO - Sau khi thị sát một cuộc tập trận, nhà lãnh đạo Triều Tiên Kim Jong Un chỉ đạo quân đội tăng cường diễn tập để chuẩn bị cho “chiến tranh thực sự”, báo chí Triều Tiên đưa tin ngày 9/3.",NEI,Refuted,False
dev_6079,6079,Ngoại trưởng Mỹ Antony có chuyến công du đến Việt Nam với mục tiêu thúc đẩy các cuộc thảo luận quan trọng nhân dịp hai nước kỷ niệm 10 năm quan hệ Đối tác toàn diện.,"Ngoại trưởng Mỹ Antony Blinken - Ảnh: Reuters Trong chuyến công du lần này, Ngoại trưởng Mỹ Blinken sẽ tới Hà Nội để thúc đẩy các cuộc thảo luận quan trọng với Việt Nam nhân dịp hai nước kỷ niệm 10 năm quan hệ Đối tác toàn diện.",Supported,Supported,True
dev_4554,4554,"Để hoàn thiện ý tưởng phương án ""Dòng sông ánh sáng cho hai bờ sông Hàn, mặt nước và các cây cầu"", UBND TP.Đà Nẵng đang tiếp thu các ý kiến.","UBND TP.Đà Nẵng đang tiếp thu các ý kiến để hoàn thiện ý tưởng phương án ""Dòng sông ánh sáng cho hai bờ sông Hàn, mặt nước và các cây cầu"".",Supported,Supported,True
dev_4600,4600,Do bệnh viêm phổi chưa khỏi hẳn nên Tổng thống Brazil Lula hoãn chuyến thăm 6 ngày tới Trung Quốc.,Tổng thống Brazil Lula hoãn chuyến thăm 6 ngày tới Trung Quốc do bệnh viêm phổi chưa khỏi hẳn.,Supported,Supported,True
dev_3915,3915,"HLV cho rằng mục tiêu chính của U23 Việt Nam là SEA Games 31, nên quan trọng ở Doha Cup là tích luỹ kinh nghiệm thi đấu với các đối thủ tầm cỡ.","Ông Philippe Trousser nhấn mạnh mục tiêu chính của U23 Việt Nam là SEA Games 32 và điều quan trọng là các cầu thủ đã có cơ hội được thi đấu với những đối thủ tầm cỡ châu lục, giúp họ cải thiện và tiến bộ hơn.",Refuted,Refuted,True
dev_2086,2086,"Tại Việt Nam, Weploy không phải là startup đầu tiên ứng dụng công nghệ vào tuyển dụng và quản lý lao động theo yêu cầu trong thời đại hiện nay.","Tại Việt Nam, đây là startup đầu tiên ứng dụng công nghệ vào tuyển dụng và quản lý lao động theo yêu cầu.",Refuted,Refuted,True
dev_2992,2992,Hàng Châu tích cực đẩy mạnh du lịch trong và ngoài nước vào năm 2025 đến năm 2030.,Hàng Châu có kế hoạch đẩy mạnh thị trường du lịch và thu hút 150 triệu khách du lịch trong nước và quốc tế vào năm 2025.,NEI,Refuted,False
dev_3257,3257,"Theo sư cả Xích Dự, tết Thanh minh sẽ nhằm ngày 5/4 dương lịch (15/2 âm lịch) trước Tết Ramưwan là sự kiện có ý nghĩa quan trọng về tâm linh của người Việt, con cháu sẽ đi tảo mộ để sửa sang lại phần mộ của gia tộc cho khang trang, sạch sẽ hơn.","Ngày 21/3, đồng bào Chăm theo đạo Bà ni ở Bình Thuận tập trung về các động (nghĩa trang của người Chăm) để cùng nhau thực hiện nghi thức tảo mộ, cúng thỉnh tổ tiên, ông bà. Đây là phần quan trọng nhất và mở đầu cho Tết Ramưwan - Tết cổ truyền của đồng bào Chăm Bà ni.",Refuted,Refuted,True
dev_2377,2377,"Hội nghị công bố Quyết định của Ban Thường vụ Tỉnh ủy do Tỉnh ủy Bình Dương tổ chức ngày 27/3 có quyết định về việc điều động và chỉ định ông Trần Bảo Lâm, Phó Bí thư Tỉnh Đoàn,và ông Trần Xuân Mạnh- Ủy viên Cấp cao của Đảng, tham gia Ban Chấp hành Đảng bộ TP Thủ Dầu Một nhiệm kỳ 2020-2025.","Ngày 27/3, Tỉnh ủy Bình Dương tổ chức hội nghị công bố Quyết định của Ban Thường vụ Tỉnh ủy về việc chuẩn y chức danh Chủ nhiệm Ủy ban Kiểm tra Thành ủy Thủ Dầu Một đối với ông Phạm Minh Thiện - Ủy viên Ban Thường vụ Thành ủy, Bí thư Đảng ủy phường Phú Lợi.",NEI,Refuted,False
dev_3249,3249,USAID cam kết tài trợ 73 triệu USD cho giai đoạn 2 của dự án tẩy độc dioxin tại sân bay Biên Hòa.,"Đồng thời USAID công bố bản hợp đồng mới, tài trợ thêm 73 triệu USD, nâng tổng mức vốn đầu tư giai đoạn 2 lên 300 triệu USD để xử lý và làm sạch đất nhiễm dioxin tại sân bay Biên Hòa.",Supported,Supported,True
dev_6524,6524,"Nguyễn Việt Dũng, thủ khoa Đại học Sư phạm Hà Nội là cử nhân Toán học.",Có thể được giữ lại làm giảng viên nhưng thủ khoa Đại học Sư phạm Hà Nội Nguyễn Việt Dũng về dạy học ở quê vì mong góp sức cho ngôi trường cũ.,NEI,Refuted,False
dev_4818,4818,"Ông Abel Matipata là nhân chứng vụ việc cho biết những tên súng đã đột nhập vào mỏ vàng, tấn công bảo vệ rồi chúng xả súng.","Ông Abel Matipata - thị trưởng thị trấn Bambari gần nơi xảy ra vụ việc cho biết khoảng 5 giờ sáng 19-3 (giờ địa phương), một nhóm tay súng đột nhập vào mỏ vàng Chimbolo, tấn công các nhân viên gác cổng và bắt đầu xả súng.",Supported,Refuted,False
dev_992,992,"Những tin đồn lan truyền giữa các phụ huynh về việc 2 thanh niên lạ mặt đi xe máy, tiếp cận bắt cóc học sinh hoàn toàn là sự thật.","(Dân trí) - Gần đây nhiều nhóm phụ huynh tại thành phố Vinh (Nghệ An) lan truyền thông tin về hiện tượng 2 thanh niên lạ mặt đi xe máy, tiếp cận học sinh ở nhiều trường học với ý đồ xấu.",Refuted,Refuted,True
dev_1673,1673,Đoàn Trung Quốc đến Việt Nam lần này với mong muốn có thể nhận được sự hỗ trợ của Việt Nam cũng như thúc đẩy xuất khẩu nông sản của Việt Nam sang Trung Quốc.,"Ông Leo Liu, Giám đốc Kinh doanh của Tập đoàn Sunwah khu vực Vùng Vịnh Quảng Đông-Hồng Kông (Trung Quốc)-Ma Cao cho biết, đoàn đến Việt Nam lần này với mong muốn có thể hỗ trợ cũng như thúc đẩy xuất khẩu nông sản của Việt Nam sang Trung Quốc, với 4 nội dung chính: Làm thế nào để đơn giản hóa các thủ tục cũng như thúc đẩy nông sản Việt nam sang Trung Quốc dễ dàng hơn; tăng cường hợp tác về các lĩnh vực chè, cà phê (tổ chức các lớp bồi dưỡng đào tạo cho các doanh nghiệp về hai lĩnh vực này); tổ chức diễn đàn xúc tiến thương mại nông sản tại Côn Minh, Vân Nam nhân chuyến thăm của lãnh đạo Bộ NN&PTNT và các doanh nghiệp Việt Nam; nâng cao hình ảnh của hàng nông sản Việt Nam tại thị trường Trung Quốc, đặc biệt thông qua hình thức thương mại điện tử.",Refuted,Supported,False
dev_5770,5770,"Ông Chung đã áp đặt ý kiến và ép buộc một số lãnh đạo Sở Xây dựng Hà Nội gồm nguyên giám đốc Lê Văn Dục, phó giám đốc Hoàng Cao Thắng, chủ tịch UBND quận Đống Đa Võ Nguyên Phong,... và nhiều cán bộ khác về việc đặt hàng với Công ty Cây xanh, Công ty Sinh Thái Xanh trồng cây trái quy định.","Một số lãnh đạo Sở Xây dựng Hà Nội gồm các ông: Lê Văn Dục - nguyên giám đốc; Hoàng Cao Thắng - phó giám đốc và nhiều cán bộ đã thực hiện đề xuất đặt hàng Công ty Cây xanh, Công ty Sinh Thái Xanh trồng cây trái quy định. Tuy nhiên, C03 xác định đề xuất trên đều xuất phát từ ý kiến áp đặt của ông Nguyễn Đức Chung.",NEI,NEI,True
dev_1919,1919,"Ở hạng mục ảnh bộ Giải thưởng Nhiếp ảnh Heritage, bộ ảnh dự thi phải gồm trên 20 ảnh cùng một chủ đề.","Trong đó, ở hạng mục ảnh bộ, mỗi bộ ảnh dự thi gồm 8-14 ảnh với những chủ đề khác nhau.",Refuted,Refuted,True
dev_6229,6229,Diễn giả này được biết còn có những lời lẽ xúc phạm và chê bai ngoại hình của người khác.,"Anh còn nói những bạn nào da trắng thì nhuộm tóc được còn những bạn da đen thì đừng nhuộm tóc, nhìn rất dơ.",Supported,NEI,False
dev_1756,1756,Bộ Giao thông vận tải yêu cầu các chủ quản lý dự án chỉ đạo các nhà thầu hoàn thành công tác thảm bê tông nhựa mặt đường trước ngày 30 tháng 4 năm 2023.,"Theo đó, Bộ GTVT yêu cầu các ban quản lý dự án chỉ đạo các nhà thầu tổ chức thi công hoàn thành công tác thảm bê tông nhựa mặt đường và hoàn thiện các hạng mục còn lại như: nút giao, cầu vượt ngang, hệ thống an toàn giao thông…, đảm bảo đưa công trình vào khai thác, sử dụng trước ngày 30-4-2023.",Supported,Supported,True
dev_6443,6443,"Gần 11.400 máy tính bảng được trao tặng học sinh vùng sâu, vùng xa trong tỉnh Kon Tum vào chiều 7/3.","Gần 11.400 máy tính bảng được trao tặng học sinh vùng sâu, vùng xa trong tỉnh Kon Tum vào chiều 7/3.",Supported,Supported,True
dev_3629,3629,Phó Giám đốc Trung tâm Bảo tồn di tích tỉnh Khánh Hòa đã yêu cầu Ban quản lý di tích Tháp Bà Ponagar báo cáo sự việc và chủ động liên hệ với du khách nhưng bị ban quản lý phản đối.,"Về sự việc này, ông Nguyễn Tuấn Dũng - Phó Giám đốc Trung tâm Bảo tồn di tích tỉnh Khánh Hòa, cho biết đã yêu cầu Ban quản lý di tích Tháp Bà Ponagar báo cáo sự việc, chủ động liên hệ với du khách W.P để xin lỗi.",NEI,NEI,True
dev_1219,1219,"Ông Nguyễn Quang Tuấn đã tố giác ca sỹ Vy Oanh về hành vi lợi dụng các quyền tự do dân chủ, xâm phạm quyền, lợi ích hợp pháp cá nhân bà Nguyễn Phương Hằng, nên cô phải có mặt tại Phòng Cảnh sát Hình sự Công an TP HCM để điều tra.","Ca sĩ Vy Oanh bị ông Nguyễn Quang Tuấn (con trai bà Nguyễn Phương Hằng) tố giác về hành vi lợi dụng các quyền tự do dân chủ, xâm phạm quyền, lợi ích hợp pháp cá nhân bà Nguyễn Phương Hằng.",Supported,NEI,False
dev_6497,6497,"Tuy công trình với kinh phí hơn 600 tỷ đồng được khởi công từ năm 2011, nhưng đến năm 2014, dự án bị dừng lại do thiếu vốn mặc dù mới khiển khai được hơn 3km.","Đến năm 2014, dự án triển khai được hơn 3km với kinh phí hơn 600 tỷ đồng thì phải dừng do thiếu vốn.",Supported,Refuted,False
dev_1006,1006,"Các đại biểu tham dự hội thảo cho rằng việc đánh thuế tiêu thụ đặc biệt lên ngành công nghiệp game vừa không phù hợp thông lệ quốc tế, vừa ảnh hưởng lớn đến sự phát triển của ngành game Việt.","Việc đánh thuế tiêu thụ đặc biệt lên ngành công nghiệp game sẽ vừa không phù hợp thông lệ quốc tế, vừa ảnh hưởng lớn đến sự phát triển của ngành game Việt, một ngành kinh tế số.",Supported,NEI,False
dev_5213,5213,Tội “Gây ô nhiễm môi trường” chỉ bị phạt hành chính.,"Các hành vi vi phạm tùy tính chất, mức độ sẽ bị xử lý hành chính từ phạt tiền đến xử lý hình sự đến 7 năm tù về tội “Gây ô nhiễm môi trường” theo Điều 235 Bộ luật Hình sự, đồng thời người vi phạm còn phải khắc phục hậu quả, khôi phục nguyên trạng môi trường theo quy định. Pháp nhân thương mại phạm tội có thể bị cấm kinh doanh, cấm hoạt động đến 3 năm và nộp tiền đến 20 tỷ đồng.",Refuted,Refuted,True
dev_5775,5775,Bổ sung thông tin vào kho dữ liệu quốc gia về dân cư và vào cơ sở dữ liệu CCCD là 1 trong 4 chính sách mà chính phủ đề xuất để xây dựng luật CCCD,"Chính phủ đề nghị xây dựng Luật CCCD (sửa đổi) với bốn nhóm chính sách. Thứ nhất, quy định việc tích hợp thông tin khác ngoài thông tin trong cơ sở dữ liệu CCCD vào CCCD.",Supported,NEI,False
dev_4140,4140,Tàu OOCL Spain mới xuất xưởng vào ngày 16-2-2023 tại Hoa Kỳ là siêu tàu container lớn nhất thế giới.,"Tàu OOCL Spain mới xuất xưởng vào ngày 16-2-2023, được Cục Vận chuyển Hoa Kỳ (ABS) trao tặng chứng nhận ""Tàu thông minh (Smart Ship)"" thân thiện với môi trường và là tàu container lớn nhất từ trước đến nay cập hệ thống cảng Việt Nam.",NEI,Supported,False
dev_1993,1993,"Phó Thủ tướng Trần Hồng Hà đã phê duyệt Chiến lược “Chuyển đổi số báo chí đến năm 2025, định hướng đến năm 2030” vào ngày 6/4/2023, mục tiêu đến năm 2030, số lượng cơ quan báo chí trong và ngoài nước đưa nội dung lên các nền tảng số như Facebook, Instagram đạt 100%.","* Ngày 6/4/2023, Phó Thủ tướng Trần Hồng Hà đã ký Quyết định số 348/QĐ-TTg phê duyệt Chiến lược “Chuyển đổi số báo chí đến năm 2025, định hướng đến năm 2030”.",NEI,NEI,True
dev_1189,1189,"Không phải mọi ứng dụng được gắn nhãn ""an toàn"" trên cửa hàng Google Play đều ""an toàn"" và cũng không rõ cách cửa hàng Google Play xác định ứng dụng nào được gắn nhãn là ""an toàn"" và tiêu chí nào được sử dụng.","Tuy nhiên, chính sách bảo mật của các ứng dụng này đều nêu rõ rằng chúng chia sẻ thông tin người dùng với các nhà quảng cáo, nhà cung cấp dịch vụ internet, nền tảng và nhiều loại hình công ty khác"" - Tổ chức Mozilla khẳng định. Không phải mọi ứng dụng được gắn nhãn ""an toàn"" trên cửa hàng Google Play đều ""an toàn"".",NEI,NEI,True
dev_7453,7453,Hiện nay có rất nhiều cuộc thi sắc đẹp nên việc hạn chế các cuộc thi hoa hậu là cần thiết.,"Hạn chế các cuộc thi sắc đẹp cũng chính là 'nâng chất' người đẹp"".",Supported,NEI,False
dev_6454,6454,"Thống đốc bang California, ông Gavin Christopher Newsom 60 tuổi bày tỏ rất hãnh diện về sự phong phú, đa dạng của tiểu bang California và hiểu rõ tầm quan trọng của ước muốn được trải nghiệm văn hóa trong những ngày lễ của bang.","Thống đốc Newsom cũng bày tỏ rất hãnh diện về sự phong phú, đa dạng của tiểu bang California và hiểu rõ tầm quan trọng của ước muốn được trải nghiệm văn hóa trong những ngày lễ của bang.",NEI,NEI,True
dev_5358,5358,Dự thảo bổ sung quy định ngân hàng có thể mua trái phiếu và cổ phiếu doanh nghiệp khi hệ số nợ/vốn của chủ sỡ hữu không vượt quá 5 lần dựa trên báo cáo tài chính gần nhất đã được kiểm toán.,"Cụ thể, dự thảo bổ sung quy định ngân hàng chỉ có thể mua trái phiếu doanh nghiệp khi hệ số nợ/vốn chủ sở hữu (bao gồm cả khối lượng trái phiếu doanh nghiệp dự kiến phát hành) không vượt quá 5 lần dựa trên báo cáo tài chính gần nhất đã được kiểm toán.",NEI,Supported,False
dev_5119,5119,"Công tác thông tin, tuyên truyền cho giáo viên, phụ huynh học sinh kiến thức ATTP là rất quan trọng và cần được đài truyền hình quốc gia đẩy mạnh tuyên truyền.","Đẩy mạnh công tác thông tin, tuyên truyền cho giáo viên, phụ huynh học sinh kiến thức ATTP, các biện pháp phòng chống ngộ độc thực phẩm, xử lí ngộ độc thực phẩm, khi có biểu hiện nghi ngờ do sử dụng thực phẩm không an toàn, cần đến ngay cơ sở y tế để khám và điều trị kịp thời.",NEI,NEI,True
dev_2482,2482,"Người chủ trì buổi lễ này là già làng Siu Tơr (làng O Grang) năm nay đã 80 tuổi, già làng nhắc nhở con cháu nâng cao ý thức về quản lý, bảo vệ và phát triển rừng.",Người chủ trì buổi lễ này là già làng Siu Tơr (làng O Grang).,NEI,NEI,True
dev_4329,4329,"Việc đánh giá tình hình dịch COVID - 19 sẽ dựa trên 3 yếu tố theo thông tin từ GS.TS Phan Trọng Lân gồm virus SARS-CoV-2, môi trường sống, hành vi của người dân và cuối cùng là biện pháp đáp ứng, vũ khí hiệu quả của Việt Nam.","Thứ ba, về biện pháp đáp ứng, vũ khí hiệu quả của Việt Nam mở sớm từ tháng 3/2022 là do chúng ta đã bao phủ vaccine phòng chống dịch COVID-19 rất sớm.",Supported,NEI,False
dev_5178,5178,"Một em học sinh nữ tại Hà Nội đã đạt 38.5 điểm, là điểm chuẩn cao nhất lớp 10 chuyên Hóa của trường THPT chuyên Lê Hồng Phong.","Năm trước, lớp 10 chuyên Hóa của trường THPT chuyên Lê Hồng Phong có điểm chuẩn cao nhất là 38,5 điểm với nguyện vọng một và 39 điểm với nguyện vọng hai.",NEI,Refuted,False
dev_3064,3064,"Giải đấu nằm trong chuỗi sự kiện quảng bá cho giải golf danh giá Ryder Cup 2023, giải đấu Vietnam Italy Golf Tournament sẽ diễn ra vào cuối tháng 9/2023 tại Itay đã diễn ra tại sân golf Long Biên Hà Nội.",Giải đấu Vietnam Italy Golf Tournament - giải đấu nằm trong chuỗi sự kiện quảng bá cho giải golf danh giá Ryder Cup 2023 sẽ diễn ra vào cuối tháng 9/2023 tại Itay đã diễn ra tại sân golf Long Biên Hà Nội.,Supported,NEI,False
dev_5788,5788,Tỉ phú Musk quyết định làm một cuộc thăm dò người dùng Twitter và có 60% trong số hơn 17 triệu người tham gia bình chọn muốn tỉ phú Musk rời vị trí CEO Twitter.,57% trong số hơn 17 triệu người tham gia bình chọn muốn tỉ phú Musk rời vị trí CEO Twitter.,Refuted,NEI,False
dev_4535,4535,"Trong vòng 10 ngày trước ngày thi chính thức, TS truy cập tài khoản đăng ký thi để xem và in giấy báo dự thi, đồng thời có thể xem kết quả đợt 1 thông qua tài khoản cá nhân.","Trong vòng 7 ngày trước ngày thi chính thức, TS truy cập tài khoản đăng ký thi để xem và in giấy báo dự thi.",Refuted,Refuted,True
dev_5216,5216,Hội nghị AFCDM+3 đã thảo luận về tình hình kinh tế vĩ mô hiện tại trong khu vực ASEAN+3 và tiến độ của các sáng kiến hợp tác tài chính.,"Theo TTXVN, tại Hội nghị, các quan chức Ngân hàng Trung ương ASEAN+3 đã thảo luận tình hình kinh tế vĩ mô khu vực và tiến độ triển khai các sáng kiến hợp tác tài chính. Về kinh tế vĩ mô khu vực, Văn phòng Nghiên cứu kinh tế vĩ mô ASEAN+3 (AMRO) đánh giá tăng trưởng kinh tế khu vực ASEAN+3 trong năm 2022 ghi nhận sự phục hồi sau giai đoạn COVID-19, chủ yếu đến từ tăng nhu cầu nội địa.",Supported,Refuted,False
dev_2589,2589,U20 Qatar đã thắng cả 2 trận tại VCK U20 châu Á.,"Tại VCK U19 châu Á 2016, Hoàng Thanh Tùng từng ghi 2 bàn cho U19 Việt Nam.",Refuted,Refuted,True
dev_918,918,Chính phủ Anh cùng ngày thông báo các binh sĩ Ukraine đã hoàn tất khóa huấn luyện tại Anh để sử dụng xe tăng và sẵn sàng ra tiền tuyến. để bảo vệ tổ quốc và chống lại quân thù.,Chính phủ Anh cùng ngày thông báo các binh sĩ Ukraine đã hoàn tất khóa huấn luyện tại Anh để sử dụng xe tăng và sẵn sàng ra tiền tuyến.,NEI,NEI,True
dev_7302,7302,"9 trường đại học Mỹ chấp nhận trao học bổng cho Trần Thị Tường Anh (18 tuổi, quê Nghệ An), trong đó, Wesleyan University dành học bổng toàn phần với trị giá lên đến 370.000 USD.","9 trường đại học Mỹ chấp nhận trao học bổng cho Trần Thị Tường Anh (18 tuổi, quê Nghệ An), trong đó, Wesleyan University dành học bổng toàn phần với trị giá lên đến 370.000 USD. Tường Anh cho biết 9 trường đại học Mỹ chấp nhận trao học bổng, trong đó, nhiều trường trao mức học bổng khá cao, nhưng Tường Anh quyết định chọn Wesleyan University để du học.",Supported,Supported,True
dev_1356,1356,Cuộc họp với đại diện Đại sứ quán Campuchia tại các nước ASEAN vừa được Ủy ban Tổ chức SEA Games 32 Campuchia (CAMSOC) tổ chức về kế hoạch nghi thức xin lửa và rước đuốc SEA Games 32.,Ủy ban Tổ chức SEA Games 32 Campuchia (CAMSOC) vừa tổ chức cuộc họp với đại diện Đại sứ quán Campuchia tại các nước ASEAN về kế hoạch nghi thức xin lửa và rước đuốc SEA Games 32.,Supported,Supported,True
dev_3883,3883,"Tổng nguồn vốn đầu tư của khối doanh nghiệp nhà nước trong năm 2022 chiếm 24,6% so với tổng vốn đầu tư của Nhà nước vào việc phát triển kinh tế-xã hội.","Tổng vốn đầu tư của các doanh nghiệp nhà nước trong năm 2021 chiếm 24,6% so với tổng vốn đầu tư của Nhà nước và chiếm gần 10% tổng vốn đầu tư toàn xã hội trong giai đoạn 2016-2021.",Refuted,Refuted,True
dev_399,399,"Trịnh Tiến Dũng điều hành đường dây buôn bán trái phép từ nhà riêng ở Mỹ, không có đồng phạm tại Việt Nam.","Bên cạnh đó, cơ quan tố tụng còn cáo buộc Trịnh Tiến Dũng (đang bỏ trốn, bị truy nã quốc tế) cầm đầu 23 bị can khác trong đường dây vận chuyển trái phép tiền tệ qua biên giới, buôn lậu…",Refuted,Refuted,True
dev_3236,3236,"ACV cho biết việc điều chỉnh thời gian thực hiện gói thầu từ 33 tháng lên 39 tháng dựa trên cơ sở kiến nghị, đề xuất của một số nhà thầu quan tâm, đơn vị tư vấn và được Chính phủ chấp thuận.","Lãnh đạo ACV cho biết, việc điều chỉnh này trên cơ sở kiến nghị, đề xuất của một số nhà thầu quan tâm, đơn vị tư vấn, và được đồng ý của Chính phủ.",Supported,NEI,False
dev_3457,3457,"Giải chạy bộ ""Bước chân xanh"" lần thứ 2 được tổ chức vào sáng 25/3 thu hút hơn 10.000 người tham gia.","TPO - Sáng 25/3, Thành Đoàn, Hội LHTN Việt Nam TPHCM , Hội Sinh viên Việt Nam TPHCM tổ chức Giải chạy bộ “Bước chân xanh” lần thứ 2.",Refuted,Refuted,True
dev_1292,1292,Các khách hàng vẫn tin tưởng gửi tiền vào Ngân hàng SVB bất chấp những khủng hoảng mà ngân hàng này gặp phải.,"Cuộc khủng hoảng của SVB đã gây mất niềm tin của khách hàng đối với các ngân hàng có quy mô tương tự, dẫn đến làn sóng rút tiền ồ ạt và gửi vào các nhà băng lớn được cho là an toàn hơn.",Refuted,Refuted,True
dev_5783,5783,Loài cúc Gorteria diffusa là loài cúc duy nhất ạo ra ruồi cái giả trên cánh hoa để dụ con đực tới thụ phấn.,"Loài cúc duy nhất tạo ra ruồi cái giả 3D để dụ ruồi đực đến thụ phấn là Gorteria diffusa, phân bố tại Nam Phi.",Supported,Refuted,False
dev_1048,1048,CPTPP là một hiệp định về việc bảo vệ môi trường xuyên biên giới.,"CPTPP là một hiệp định rộng lớn loại bỏ thuế quan thương mại giữa các thành viên và đặt ra các quy tắc về các vấn đề như đầu tư xuyên biên giới, thương mại điện tử, sở hữu trí tuệ, doanh nghiệp nhà nước và lao động.",Refuted,Refuted,True
dev_749,749,"Bộ tem ""Hoa Đà Lạt"" gồm 6 mẫu được vẽ bởi họa sĩ Thúy Lan.","Đó là bộ tem ""Hoa Đà Lạt"" gồm 6 mẫu, được phát hành ngày 23/9/1989; bộ tem ""Hoa phong lan (Kỷ niệm 100 năm thành phố Đà Lạt)"" gồm 4 mẫu, được phát hành ngày 16/6/1993.",NEI,Refuted,False
dev_476,476,"Nắm bắt được nhu cầu thị trường hiện nay, nhiều bậc phụ huynh cho con em mình đi học công nghệ thông tin từ sớm nhưng vẫn không khỏi căng thẳng vì điểm đầu vào ngành này của các trường đại học là quá cao.","Nhưng cũng không được tự tin thái quá vì khi làm bài xong, các em phải cẩn thận kiểm tra lại từng câu một.",NEI,NEI,True
dev_2606,2606,"Hồng bất ngờ, giận dữ, câm nín, khóc nức nở khi phát hiện chồng ngoại tình ngay trong chính căn nhà của mình.","Qua ánh đèn ngủ màu hồng nhạt hắt qua cửa phòng ngủ, Hồng nhìn thấy chồng mình đang ôm một cô gái lạ, cả hai đang say sưa ngủ như ""chính chủ"" trong gia đình. Giận run người, Hồng lao vào phòng, bật sáng đèn rồi dùng tay đập liên tiếp vào người Tuấn, vừa khóc nức nở.",Supported,Supported,True
dev_5940,5940,Việc đăng cai World Cup đã được ASEAN hoan nghênh thúc đẩy và liên đoàn bóng đá AFC hưởng ứng.,"Đến năm 2019, ASEAN hoan nghênh nguyện vọng cùng nỗ lực thúc đẩy đăng cai World Cup, đồng thời ủng hộ các Liên đoàn bóng đá khu vực cùng nhau hiện thực hóa giấc mơ này Tại Hội nghị cấp cao ASEAN lần thứ 34.",Refuted,Refuted,True
dev_449,449,"Bé gái tên A.N. (5 tuổi), bé trai tên A.T, cả hai học tại trường Mầm non Ban mai, do mâu thuẫn, chị Nguyên đưa hai đứa con ra ngoài ở rồi sống chung với Bậm.","Năm 2021, do mâu thuẫn, chị Nguyên đưa hai đứa con ra ngoài ở rồi sống chung với Bậm.",NEI,NEI,True
dev_5954,5954,"Kho tạm giữ được xây trên một khu đất trống, xung quanh dựng vách tôn và chỉ có một phần mái che nhỏ.","Xung quanh được dựng vách tôn, chỉ có một phần mái che nhỏ, còn lại khu vực giữ phương tiện không có mái che.",Supported,Refuted,False
dev_5641,5641,Ngày 24/5 Sở Giáo dục và Đào tạo TP HCM tổ chức trao chứng chỉ phổ thông quốc tế Pearson Edexcel cho học sinh của chương trình tiếng Anh tích hợp năm học 2021-2022.,"TP HCM Bùi Trọng Nguyên, học sinh lớp 5 ở Thủ Đức, có điểm thi môn Toán bậc tiểu học cao nhất thế giới theo chương trình phổ thông quốc tế của Vương quốc Anh. Ngày 24/3, Sở Giáo dục và Đào tạo TP HCM tổ chức trao chứng chỉ phổ thông quốc tế Pearson Edexcel, Vương quốc Anh, cho hơn 600 học sinh lớp 5, 9, 11 của chương trình tiếng Anh tích hợp năm học 2021-2022.",Refuted,Supported,False
dev_2592,2592,Bộ trưởng Bùi Thanh Sơn chỉ đề nghị đại hội hai bên phối hợp trong việc kết thúc thu xếp trao đổi đoàn cấp cao.,"Bộ trưởng Bùi Thanh Sơn đề nghị trong thời gian tới, hai bên cần tiếp tục phối hợp chặt chẽ trong việc thúc đẩy thu xếp trao đổi đoàn cấp cao, triển khai hiệu quả các cơ chế hợp tác như Hội đồng Thương mại Tự do và Tham khảo Chính trị giữa hai Bộ Ngoại giao và ủng hộ lẫn nhau tại các tổ chức quốc tế và diễn đàn đa phương.",Refuted,Refuted,True
dev_351,351,Các dự án cao tốc được đề nghị hoàn thành và đưa vào triển khai trong tháng 3 này.,"Cũng tại cuộc họp giao ban, trong lĩnh vực đường bộ, ""tư lệnh"" ngành giao thông vận tải cũng đề nghị các chủ đầu tư/ban quản lý dự án hoàn thành và đưa vào khai thác một số dự án cao tốc thành phần: Mai Sơn - Quốc lộ 45, Vĩnh Hảo - Phan Thiết và Phan Thiết - Dầu Giây trong tháng 4/2023 theo đúng kế hoạch. Đối với các dự án có kế hoạch về đích trong năm 2023 và dự án trọng điểm đang thực hiện, các chủ đầu tư/ban quản lý dự án cũng phải chủ động tháo gỡ khó khăn, vướng mắc về giải phóng mặt bằng, vật liệu đảm bảo tiến độ triển khai các dự án theo đúng yêu cầu, đặc biệt là dự án cao tốc Bắc - Nam giai đoạn 2.",Refuted,Refuted,True
dev_2412,2412,"Nhà thiên văn Aparna Venkatesan sinh năm 1990 làm việc tại Đại học San Francisco nhấn mạnh ""vũ trụ là di sản và tổ tiên chung của con người, kết nối con người thông qua khoa học, nghệ thuật.","Nhà thiên văn Aparna Venkatesan tại Đại học San Francisco nhấn mạnh ""vũ trụ là di sản và tổ tiên chung của con người, kết nối con người thông qua khoa học, nghệ thuật, những chuyện kể và những truyền thống văn hóa - và giờ đây vũ trụ đang gặp nguy hiểm"".",NEI,NEI,True
dev_4767,4767,"Bà Vũ Thị Hiền Hạnh quê tỉnh Lào Cai, Phó Chủ tịch UBND tỉnh Yên Bái cho biết tỉnh thường xuyên củng cố, kiện toàn tổ chức khuyến học các cấp, từ tỉnh đến cơ sở, trong các cơ quan, đơn vị.","Tỉnh thường xuyên củng cố, kiện toàn tổ chức khuyến học các cấp, từ tỉnh đến cơ sở, trong các cơ quan, đơn vị.",NEI,NEI,True
dev_4918,4918,"Công ty TNHH Real-time Robotics (RtR) Việt Nam là công ty đầu tiên nhận được giấy phép đầu tư vào Khu Công nghệ cao TP HCM (SHTP) để mở nhà máy sản xuất drone vào năm 2017 với vốn đầu tư ban đầu khoảng 53,5 triệu USD, sản phẩm đang được nhà nhập khẩu chào bán 25.000 - 30.000 USD/chiếc (chưa kèm các tính năng phụ), cao hơn 20%-30% so với thị trường.","Sản phẩm đang được nhà nhập khẩu chào bán 25.000 - 30.000 USD/chiếc (chưa kèm các tính năng phụ), cao hơn 20%-30% so với thị trường.",Refuted,NEI,False
dev_3651,3651,"Trong phiên họp lần thứ 21, ý kiến về bổ sung và sửa luật đã được đề xuất với mục đích giảm thiểu các thủ tục hành chính và đáp ứng các yêu cầu về ứng dụng, phát triển cơ sở dữ liệu quốc gia.","Sửa luật nhằm hạn chế phát sinh thủ tục hành chính Về dự án Luật CCCD (sửa đổi), Bộ trưởng Bộ Tư pháp Lê Thành Long cho biết để tháo gỡ khó khăn, vướng mắc trong thi hành Luật CCCD năm 2014 và đáp ứng yêu cầu, nhiệm vụ liên quan đến ứng dụng cơ sở dữ liệu quốc gia về dân cư, phát huy giá trị, tiện ích CCCD, phục vụ phát triển ứng dụng dữ liệu về dân cư, định danh điện tử…",Supported,Refuted,False
dev_2269,2269,"Tình hình dịch bệnh COVID-19 tại Việt Nam không nghiêm trọng và không cần tiếp tục các biện pháp cảnh giác, phòng ngừa.","Tổng số ca tử vong do COVID-19 tại Việt Nam tính đến nay là 43.186 ca, chiếm tỉ lệ 0,4% so với tổng số ca nhiễm.",Refuted,NEI,False
dev_610,610,Bộ Thông tin và Truyền thông đã ban hành Thông tư nhằm bảo đảm không bị lộ thông tin cá nhân.,"Trước thực trạng trên, Bộ Thông tin và Truyền thông (TT-TT) đã ban hành Thông tư 12/2022 quy định chi tiết và hướng dẫn một số điều của Nghị định 85/2016 của Chính phủ về bảo đảm an toàn hệ thống thông tin theo cấp độ.",Supported,NEI,False
dev_2953,2953,"Du lịch Hà Nội cần tổ chức các hoạt động quảng bá, xúc tiến và truyền thông về du lịch Hà Nội để thu hút nhiều khách nước ngoài, muốn vậy cần nâng cao năng lực quản trị, chất lượng sản phẩm dịch vụ, ứng dụng mạnh mẽ công nghệ thông tin.","Các doanh nghiệp hoạt động du lịch tích cực nâng cao năng lực quản trị, chất lượng sản phẩm dịch vụ, ứng dụng mạnh mẽ công nghệ thông tin.",NEI,NEI,True
dev_4175,4175,"Với việc quán triệt chuyên đề “Những vấn đề về người cao tuổi Việt Nam”, Thường trực Ban Bí thư Trương Thị Mai không đề ra được các chủ trương và chính sách đối với người cao tuổi do sự phức tạp và đa dạng của tình hình người cao tuổi trong xã hội hiện nay. Điều này đòi hỏi sự nghiên cứu kỹ lưỡng và sự phối hợp chặt chẽ giữa các cấp ủy, các ngành và các tổ chức chuyên môn để đưa ra những chính sách phù hợp và hiệu quả nhằm đáp ứng đầy đủ nhu cầu và quyền lợi của người cao tuổi.","Quán triệt chuyên đề “Những vấn đề về người cao tuổi Việt Nam”, Thường trực Ban Bí thư Trương Thị Mai nêu rõ các chủ trương, chính sách của Đảng và Nhà nước đối với người cao tuổi trong thời gian qua như vấn đề lao động, việc làm, chăm sóc sức khỏe, phát huy vai trò người cao tuổi, chế độ phúc lợi xã hội, công trình giao thông…",Refuted,Refuted,True
dev_3596,3596,"Xu hướng chung của các trường tiên tiến trên thế giới là cung cấp môi trường thoải mái, vừa chơi vừa học, không gây áp lực cho học sinh hỗ trợ học sinh tìm được điều mình không thích và đam mê cái gì.",Xu hướng chung của các trường học tiên tiến trên thế giới hiện đại là cung cấp môi trường cho người học có thể tự tìm tòi được những thế mạnh của bản thân.,Refuted,NEI,False
dev_2436,2436,"Sau khi không còn hạn chế về Covid-19 thì kinh tế du lịch vẫn còn gặp khó khăn và chậm hồi phục, các đô thị lớn vẫn tích cực phục hồi du lịch.","Trung Quốc đang tìm cách thu hút du khách nước ngoài sau đại dịch GT Sau khi Trung Quốc dỡ bỏ các hạn chế Covid-19, hoạt động kinh doanh du lịch ở đất nước tỉ dân bắt đầu phục hồi nhanh chóng.",Refuted,Refuted,True
dev_3052,3052,"Trong văn bản do Bộ trưởng - Chủ nhiệm Văn phòng Chính phủ Trần Văn Sơn ký ngày 9-3-2023, có tất cả 100 thông tư, Văn phòng Chính phủ đã liệt kê 48 danh mục các thông tư.","Trong văn bản do Bộ trưởng - Chủ nhiệm Văn phòng Chính phủ Trần Văn Sơn ký ngày 9-3-2023, Văn phòng Chính phủ đã liệt kê 48 danh mục các thông tư, quyết định cần rà soát, sửa đổi liên quan việc nộp, xuất trình sổ hộ khẩu, sổ tạm trú giấy hoặc giấy tờ có yêu cầu xác nhận của địa phương nơi cư trú.",NEI,NEI,True
dev_6696,6696,"Trong poster, diễn viên chính đứng giữa con phố xa lạ với những biển hiệu gợi ý bối cảnh tác phẩm là ở thời hiện đại, năm 2023.","Ngoài ra, những biển hiệu xung quanh Lee Yeon gợi ý bối cảnh tác phẩm là ở Gyeong Seong vào năm 1938.",Refuted,Refuted,True
dev_161,161,"Nhiệm vụ chiến lược, thường xuyên của Đảng, Nhà nước chính là tiếp tục đổi mới, phát huy hiệu quả chính sách xã hội, nhưng cũng có những hạn chế sẽ gặp phải khi chính sách xã hội còn thiếu tính bao trùm, không có sự kết nối giữa các chính sách trong tổ chức, tỷ lệ bao phủ không cao.","Nhưng Bộ Chính trị cũng chỉ ra một số tồn tại, hạn chế khi chính sách xã hội còn thiếu tính bao trùm, thiếu liên kết giữa các chính sách trong tổ chức thực hiện, tỷ lệ bao phủ thấp. Chênh lệch mức sống giữa các vùng, miền, nhóm đối tượng còn lớn.",Supported,Refuted,False
dev_140,140,"Trước dịch Covid-19, tình trạng vẽ bậy chưa từng xảy ra do ý thức của người dân trước dịch cao hơn.","Trước dịch Covid-19, tình trạng này từng xảy ra.",NEI,NEI,True
dev_1380,1380,"Theo ông Bùi Quang Thái, giá trị giải ngân 3 tháng đầu năm tập trung ở các dự án cao tốc Bắc - Nam chiếm tỷ trọng khoảng 80% giá trị giải ngân của cả Bộ Giao thông vận tải với giá trị 61.198 tỷ đồng, trong đó, có 8/23 chủ đầu tư giải ngân với giá trị khoảng hơn 112 tỷ đồng, đạt trung bình 5% kế hoạch giao.","Cũng theo ông Bùi Quang Thái, giá trị giải ngân 3 tháng đầu năm tập trung ở các dự án cao tốc Bắc - Nam với giá trị 11.198 tỷ đồng, chiếm tỷ trọng khoảng 80% giá trị giải ngân của cả Bộ Giao thông vận tải.",Refuted,Refuted,True
dev_4180,4180,Buổi huấn luyện không tốn phí dành cho các ứng viên vì Weploy có đội ngũ quản lý là những chuyên gia kỳ cựu trong ngành đến từ các nước hàng đầu về công nghệ.,"Ứng viên sẽ không tốn chi phí cho các buổi huấn luyện này, nhờ Weploy có đội ngũ quản lý là những chuyên gia kỳ cựu trong ngành đến từ Úc, Mỹ, Canada từng làm việc tại các công ty hàng đầu như Grab, Redbubble, Deliveroo…",Supported,Supported,True
dev_168,168,"Ngày 31/3, thông tin vụ việc phát hiện một số thi thể người nước ngoài trong khu vực biển Đài Loan (Trung Quốc) gần đây đã Phó Phát ngôn Bộ Ngoại giao đưa ra câu trả lời.","Ngày 31/3, Phó Phát ngôn Bộ Ngoại giao Phạm Thu Hằng đã trả lời câu hỏi của phóng viên TTXVN đề nghị cung cấp thông tin vụ việc phát hiện một số thi thể người nước ngoài trong khu vực biển Đài Loan (Trung Quốc) gần đây.",Supported,Refuted,False
dev_1584,1584,Ngày hội việc làm Nhật Bản 2023 tại Đại học Đông Á đã đưa ra nhiều vị trị việc làm tại Nhật cho sinh viên.,"Sáng 9-3, tại Đại học Đông Á, đã diễn ra chương trình Lễ hội giao lưu văn hóa Việt – Nhật và Ngày hội việc làm Nhật Bản 2023.",Supported,NEI,False
dev_3747,3747,"Mức điểm đạt của môn tin học là 22,60, cao hơn năm ngoái đến 5 điểm.","Trinh Theo Cục Quản lý chất lượng, Bộ GD-ĐT, thí sinh các môn học được triệu tập tham dự kỳ thi chọn đội tuyển Olympic năm 2023 dự kiến tổ chức trong tháng 4 nếu đạt các mức điểm cụ thể như sau: Môn toán từ 23 điểm trở lên, môn vật lý từ 17,25 trở lên, môn hóa từ 26,625 trở lên, môn sinh từ 26 điểm trở lên, môn tin học từ 22,60 điểm trở lên.",NEI,Refuted,False
dev_7019,7019,"Trước khi tổ chức đám cưới rầm rộ vào tháng 6-2022, ca sĩ Hà Thanh Xuân bị đồn đoán là tiểu tam, còn Thắng Ngô bị chỉ trích dữ dội vì được cho rằng đã phụ bạc vợ.","Cặp đôi từng bị chỉ trích khi cưới nhau Trước khi tổ chức đám cưới hoành tráng vào tháng 5-2022, ""vua cá Koi"" Thắng Ngô và Hà Thanh Xuân từng khiến cả mạng xã hội ""dậy sóng"" bởi chuyện tình của mình. Khoảng thời gian đó, ca sĩ Hà Thanh Xuân bị đồn đoán là tiểu tam còn Thắng Ngô cũng bị chỉ trích dữ dội vì bị cho là phụ bạc vợ để theo tình trẻ.",Refuted,Refuted,True
dev_5218,5218,"Lễ tổng kết, trao giải và triển lãm trưng bày các tác phẩm được tổ chức vào cuối tháng 9/2023 tại thành phố Hồ Chí Minh.","Lễ tổng kết, trao giải và triển lãm trưng bày các tác phẩm đoạt giải của cuộc thi dự kiến sẽ được tổ chức vào cuối tháng 9/2023.",NEI,NEI,True
dev_6660,6660,"Vào ngày 26/4/2023 cùng với Tháng Công nhân, tháng hành động an toàn, vệ sinh lao động năm 2023 (từ 1-31/5) dự kiến được chính thức phát động.","Các quy trình, biện pháp an toàn lao động cần được xây dựng phù hợp với đặc thù của từng doanh nghiệp Tháng hành động an toàn, vệ sinh lao động năm 2023 (từ 1-31/5) dự kiến được chính thức phát động vào ngày 26/4/2023 cùng với Tháng Công nhân.",Supported,Supported,True
dev_4266,4266,Katie Holmes và Tom Cruise khi ly hôn vào năm 1960 đã có những thỏa thuận chi tiết về việc nuôi con chung và Tom Cruise được cho là luôn thực hiện đầy đủ những cam kết hỗ trợ tài chính đã đưa ra trong thỏa thuận ly hôn.,"Khi ly hôn, Katie Holmes và Tom Cruise đã có những thỏa thuận chi tiết về việc nuôi con chung.",NEI,NEI,True
dev_2517,2517,"Theo Ban Tổ chức Năm Du lịch quốc gia 2023, lễ khai mạc sẽ diễn ra vào ngày 25/3 và hơn 200 sự kiện văn hóa, thể thao và du lịch với quy mô liên tỉnh, quốc gia và quốc tế sẽ được tổ chức tại 1 địa điểm là Bình Thuận.","Năm Du lịch Quốc gia 2023 sẽ có hơn 200 sự kiện văn hóa, thể thao và du lịch với quy mô liên tỉnh, quốc gia và quốc tế được tổ chức trên địa bàn tỉnh Bình Thuận và tại 41 tỉnh/thành phố trong cả nước.",Refuted,NEI,False
dev_4406,4406,"Weploy sẽ phỏng vấn ứng viên để bảo đảm chất lượng nhân sự; tổ chức các buổi huấn luyện, đào tạo chuyên ngành phục vụ từ cơ bản đến nâng cao nhằm giúp nguồn cung - cầu lao động tiệm cận nhau, gỡ bài toán khó cho cả doanh nghiệp và nhân sự thời vụ Việt Nam.","Từ hệ thống đào tạo và quy trình tuyển dụng nhân sự thời vụ, Weploy sẽ tiến hành phỏng vấn ứng viên để bảo đảm chất lượng nhân sự; tổ chức các buổi huấn luyện, đào tạo chuyên ngành phục vụ từ cơ bản đến nâng cao theo các vị trí ứng tuyển.",Supported,NEI,False
dev_1220,1220,"Đối với việc đặt hàng hai công ty Cây xanh và Sinh Thái Xanh, hai nguyên phó chủ tịch Hà Nội khai rằng các đơn vị phải thực hiện theo chỉ đạo của ông Chung nên ông Hùng và ông Toản đều khẳng định việc chấp thuận phương án lựa chọn nhà thầu theo hình thức đặt hàng mà bản thân không hề biết có việc thông đồng nâng giá cây xanh, không trực tiếp gây nên hậu quả vụ án.",Cả ông Hùng và ông Toản đều khẳng định không biết việc thông đồng nâng giá cây xanh nên chấp thuận phương án lựa chọn nhà thầu theo hình thức đặt hàng và không trực tiếp gây nên hậu quả vụ án.,Supported,NEI,False
dev_373,373,Ngày 30.3 Bệnh viện nhi đồng 1 đã tiếp nhận một ca bệnh nhi 3 tuổi nhét pin điện tử dạng cúc áo vào mũi và bị hoại tử một phần niêm mạc.,"Ngày 30.3, tin từ Bệnh viện Nhi đồng 1 (TP.HCM) cho biết, bệnh viện vừa tiếp nhận bé gái 3 tuổi (ngụ Long An) do nhét pin điện tử vào mũi.",Supported,Refuted,False
dev_5108,5108,Do phải điều trị ung thư phổi nên bị cáo Huỳnh Kim Thắng bị phạt 3 năm tù nhưng hưởng án treo.,Riêng bị cáo Huỳnh Kim Thắng (đang được tại ngoại để chữa bệnh ung thư) bị phạt 3 năm tù nhưng cho hưởng án treo.,NEI,NEI,True
dev_1120,1120,"Tỉnh Đắk Lắk bị Bộ trưởng Nguyễn Kim Sơn đánh giá là chưa thực hiện tốt trong việc phát triển ngành giáo dục, tỉnh cần phải tập trung hơn trong việc triển khai Chương trình giáo dục phổ thông 2018.","Bộ trưởng đề nghị trong thời gian tới, tỉnh Đắk Lắk tiếp tục tập trung cao độ cho việc triển khai hiệu quả Chương trình Giáo dục phổ thông 2018.",Refuted,Refuted,True
dev_5094,5094,"PVN đề xuất Nhà nước sớm hoàn thành Luật Dầu Khí, đặc biệt là với đầu tư trong nước; đồng thời hỗ trợ tháo gỡ khó khăn cho các chuỗi dự án lớn.","Tuy nhiên, hiện tại, với những khó khăn về cơ chế giải ngân vốn đầu tư các dự án lớn, PVN đề xuất kiến nghị: Cần sớm có các nghị định, văn bản hướng dẫn Luật Dầu khí, đặc biệt là vấn đề đầu tư ra nước ngoài.",Refuted,Refuted,True
dev_3258,3258,"Ngày 18/3, Thủ tướng làm việc với Uỷ ban Quản lý vốn nhà nước để đổi mới hoạt động và thực hiện đầu tư hiệu quả, triển khai theo kế hoạch, chiến lược phát triển kinh tế - xã hội.","(Chinhphu.vn) - Tại Hội nghị Thủ tướng làm việc với Ủy ban Quản lý vốn nhà nước tại doanh nghiệp và các tập đoàn kinh tế, tổng công ty nhà nước trực thuộc Ủy ban về giải pháp đổi mới hoạt động của Ủy ban và phát huy hiệu quả nguồn lực đầu tư của các tập đoàn kinh tế, tổng công ty nhà nước, góp phần thực hiện kế hoạch, chiến lược phát triển kinh tế-xã hội ngày 18/3, đại diện một số Tập đoàn đã nêu các kiến nghị để tháo gỡ khó khăn cho doanh nghiệp. Ông Lê Mạnh Hùng, Tổng Giám đốc Tập đoàn Dầu Khí Việt Nam (PVN) - Ảnh: VGP/Nhật Bắc Tổng Giám đốc Tập đoàn Dầu Khí Việt Nam (PVN) Lê Mạnh Hùng cho biết, Tập đoàn đặt ra các chỉ tiêu đầu tư năm 2023 khoảng hơn 57,8 nghìn tỷ phân bổ cho các lĩnh vực cốt lõi như khai thác dầu khí, công nghiệp điện, công nghiệp khí, lọc hoá dầu…",Supported,Supported,True
dev_1029,1029,TikTok Shop MCV đã tăng trưởng gấp 4 lần so với khi mới thành lập và đạt 400 kênh trong vòng 1 tháng.,"Đến tháng 9-2022, TikTok Shop MCV đã tăng trưởng gấp 4 lần so với khi mới thành lập. Chỉ trong vòng 1 tháng, hệ thống đạt 300 kênh và tăng trưởng về GMV gấp 2 lần mỗi tháng sau đó.",Refuted,Refuted,True
dev_2240,2240,"Vẫn thực hiện theo quy định, không có chuyện gia hạn dù có hơn 3 triệu thuê bao chưa chuẩn hóa thông tin có thể bị khóa một chiều từ ngày 31-3.","Chính vì vậy, dù có hơn 2 triệu thuê bao chưa chuẩn hóa thông tin có thể bị khóa một chiều từ ngày 31-3 nhưng ông Nguyễn Phong Nhã cho hay sẽ vẫn thực hiện theo quy định, không có chuyện gia hạn.",Refuted,Refuted,True
dev_7047,7047,"Việc bổ nhiệm các cán trẻ, được đào tạo qua các học viện, nhà trường chính quy, đã trải qua nhiều chức vụ quản lý, chỉ huy ở cơ sở thể hiện thể hiện sự quan tâm của Quân ủy Trung ương đối với công tác cán bộ.","Phát biểu chúc mừng và giao nhiệm vụ cho cán bộ được điều động, bổ nhiệm, Trung tướng Trần Võ Dũng nhấn mạnh: Việc điều động bổ nhiệm cán bộ lần này thể hiện sự quan tâm của Quân ủy Trung ương, Bộ Quốc phòng; Thường vụ Đảng ủy, Bộ Tư lệnh Quân khu 4 đối với công tác cán bộ; ghi nhận quá trình phấn đấu, rèn luyện, học tập và trưởng thành của đội ngũ cán bộ các cấp. Đây là những cán bộ trẻ, được đào tạo qua các học viện, nhà trường chính quy, đã trải qua nhiều chức vụ quản lý, chỉ huy ở cơ sở; luôn tâm huyết, trách nhiệm với đơn vị, được thủ trưởng các cấp và cấp ủy, chính quyền, nhân dân địa phương ghi nhận, đánh giá cao.",Supported,Supported,True
dev_1248,1248,"Tối 24/3, Lễ hội Du lịch Hà Nội năm 2023 đã được chính thức khai mạc với chủ đề ""Kết nối di sản phát triển du lịch"" tại phố đi bộ Nguyễn Huệ, với sự tham gia của các đại biểu.","(Chinhphu.vn) - Tối 24/3, tại phố đi bộ Hồ Hoàn Kiếm, Lễ hội Du lịch Hà Nội năm 2023 đã chính thức khai mạc với chủ đề: “Kết nối di sản phát triển du lịch”.",Refuted,Refuted,True
dev_5273,5273,"Khi thời tiết lạnh, không khí sẽ trở nên lạnh làm cho nước đóng băng, tạo nên các khôi băng khổng lồ.","Bị nước làm nóng, không khí trên mặt biển bốc lên cao rồi nguội đi, tạo thành mây và giông bão.",Refuted,Refuted,True
dev_3162,3162,Nhóm cố vấn khoa học SAGO của Tổ chức Y tế Thế giới (WHO) đang kêu gọi Trung Quốc tiết lộ mọi thông tin về nguồn gốc của đại dịch COVID-19.,(PLO)- Nhóm cố vấn khoa học của Tổ chức Y tế Thế giới kêu gọi Trung Quốc công bố tất cả thông tin về nguồn gốc của đại dịch COVID-19 sau khi phát hiện một loài động vật từ chợ động vật sống ở TP Vũ Hán dương tính với virus SARS-CoV-2.,Supported,Refuted,False
dev_2679,2679,Hành vi vi phạm của Quý ảnh hưởng tiêu cực đến những cá nhân không liên quan khác.,"Cảnh sát cho biết, Quý đã liên hệ và chi tiền cho đăng kiểm viên Trung tâm Kiểm định kỹ thuật phương tiện, thiết bị giao thông cơ giới Bắc Giang (Trung tâm Đăng kiểm 98-01S) để thực hiện hành vi trên.",NEI,Refuted,False
dev_922,922,"Sau khi tổ chức cuộc tuyển dụng nhằm bù đắp sự thiếu dội ngũ giảng dạy, không rõ TP.HCM có kế hoạch thu hút và giữ chân giáo viên có trình độ như thế nào khi đối mặt với những hạn chế về kinh phí giáo dục và nguồn lực hạn chế.","UBND TPHCM đề xuất với Quốc hội, Chính phủ sớm xây dựng cơ chế chính sách cho giáo viên dạy 2 buổi/ ngày; cho phép nhà trường được hợp đồng với các vị trí việc làm không tuyển dụng được (còn trong chỉ tiêu định biên) và ngân sách cấp bù để chi trả lương cho đối tượng này khi thực hiện quy định không thu tiền học phí buổi thứ 2 đối với học sinh học chương trình GDPT 2018.",NEI,NEI,True
dev_6240,6240,Ông Nguyễn Quang Tuấn (con trai bà Phương Hằng) đã xin bảo lĩnh cho mẹ tại ngoại sau khi bà bị bắt giam được vài ngày.,"Mới đây, ông Nguyễn Quang Tuấn (con trai bà Phương Hằng) gửi đơn xin bảo lĩnh cho bà Nguyễn Phương Hằng tại ngoại.",NEI,Refuted,False
dev_967,967,Colombia tuy bị bất lợi khi chơi trên sân khách nhưng vẫn hòa 2-2 với Venezuela.,"Kết quả hòa 2-2 trong bối cảnh bị dẫn 2 bàn trước Hàn Quốc vừa qua là tích cực, nhưng nhìn chung đội tuyển này vẫn rất yếu đuối khi phải xa nhà.",Refuted,Refuted,True
dev_1371,1371,"UAE mới thua 2 ở 10 lần ra sân vừa qua, Thái Lan đang chơi tốt hơn bởi họ chỉ thua 2 trong 10 trận gần nhất.","Nếu nhìn vào phong độ, có thể nhận xét rằng Thái Lan đang chơi tốt hơn bởi họ chỉ thua 2 trong 10 trận gần nhất, ngược lại UAE mới thắng 2 ở 10 lần ra sân vừa qua, còn lại là 6 thất bại.",Refuted,Supported,False
dev_589,589,"Chương trình Tiếp sức mùa thi 2023 tặng sách ôn tập cho học sinh vùng sâu, vùng xa, vùng biên giới, hải đảo, vùng kinh tế đặc biệt khó khăn và các thí sinh hộ nghèo, hộ cận nghèo, thí sinh khuyết tật với số lượng lên tới 1 triệu cuốn sách và đèn học.","Cùng với đó, Chương trình Tiếp sức mùa thi 2023 hỗ trợ không giới hạn các khóa ôn thi tốt nghiệp THPT, các khóa ôn luyện các kỳ thi đánh giá năng lực của các trường đại học trên cả nước; tặng sách ôn tập cho học sinh vùng sâu, vùng xa, vùng biên giới, hải đảo, vùng kinh tế đặc biệt khó khăn và các thí sinh hộ nghèo, hộ cận nghèo, thí sinh khuyết tật.",NEI,NEI,True
dev_4744,4744,"Để gửi tin nhắn brandname đến người dùng bằng trạm phát sóng BTS thì kẻ xấu thực hiện thông qua Machine in the Middle - MitM, đặt BTS giả xen vào giữa kết nối của điện thoại và trạm BTS thật.","Từ hai yếu tố này, kẻ xấu có thể thực hiện cuộc tấn công trung gian (Machine in the Middle - MitM) bằng cách đặt BTS giả xen vào giữa kết nối của điện thoại và trạm BTS thật.",Supported,Refuted,False
dev_6441,6441,Một trong những sai lầm phổ biến mà người học IELTS thường mắc là luyện đề dù chưa vững nền tảng tiếng Anh.,"Cùng lúc, người học phải hiểu rõ khả năng của mình. Lan Anh cho rằng, một trong những sai lầm phổ biến của các thí sinh thi IELTS là ""đâm đầu"" vào luyện đề dù chưa vững nền tảng và chưa thành thạo cách xử lý với từng dạng bài.",Supported,Supported,True
dev_2012,2012,"Trong phim ""Lật mặt 6"" của Trấn Thành nhân vật do diễn viên Quốc Cường sinh năm 1899 thủ vai chính là người mua tấm vé, nhưng An sinh năm 1970 lại được giao trọng trách “giữ gìn” vận may này.","Nhân vật do diễn viên Quốc Cường thủ vai chính là người mang đến tấm vé, nhưng An (diễn viên Thanh Thức) lại được giao trọng trách “giữ gìn” vận may này.",Refuted,Refuted,True
dev_5692,5692,Người lớn tuổi thì họ chọn bỏ phong bì còn người trẻ thì chọn quét mã QR bởi người lớn tuổi họ khó khăn trong việc tiếp cận công nghệ hơn người trẻ.,"Theo chú rể Vi Đình Quyết, những người lớn tuổi vẫn chọn bỏ phong bì mừng cưới vào hộp đựng theo cách truyền thống, riêng bạn bè, đồng nghiệp của vợ chồng chủ yếu quét mã QR.",NEI,NEI,True
dev_1970,1970,Các phương án của Chính phủ nên nêu rõ ưu điểm và nhược điểm để người dân có thể nắm rõ hành động của Nhà nước.,"Nếu tiếp tục có phương án riêng thì đề nghị Chính phủ trình hai phương án, nêu rõ ưu nhược điểm của từng phương án làm cơ sở để đại biểu Quốc hội thảo luận.",NEI,NEI,True
dev_6355,6355,Mục tiêu chính của quan hệ đối tác là phát triển ĐH Quốc gia Hà Nội thành một cơ quan nghiên cứu hàng đầu.,"ĐH Quốc gia Hà Nội và tỉnh Hà Tĩnh sẽ xây dựng đề án chuyển đổi cơ chế hoạt động Trường ĐH Hà Tĩnh trở thành trường ĐH thành viên của ĐH Quốc gia Hà Nội NGỌC DIỆP Theo GS Lê Quân, Giám đốc ĐH Quốc gia Hà Nội, văn bản hợp tác nhằm hiện thực hóa các mục tiêu phát triển của tỉnh với 4 nhiệm vụ trọng tâm: đào tạo và phát triển nguồn nhân lực; nghiên cứu khoa học và chuyển giao công nghệ; tư vấn chính sách phát triển kinh tế - xã hội; xây dựng và phát triển Trường ĐH Hà Tĩnh. Trong giai đoạn hợp tác này, hai bên triển khai đẩy mạnh 10 nhóm hợp tác cụ thể, trong đó có việc xây dựng đề án chuyển đổi cơ chế hoạt động Trường ĐH Hà Tĩnh trở thành trường ĐH thành viên của ĐH Quốc gia Hà Nội.",Refuted,NEI,False
dev_5393,5393,"Khi gặp các thành viên của đoàn lực lượng cứu nạn cứu hộ của Việt Nam, để thể hiện sự cảm động và biết ơn, những người dân địa phương luôn để tay phải lên ngực trái của họ.","Khi gặp các thành viên của đoàn, những người dân địa phương luôn để tay phải lên ngực trái để thể hiện sự cảm động và biết ơn đối với những lực lượng cứu nạn cứu hộ của Việt Nam.",Supported,Supported,True
dev_5771,5771,Đối tượng truy nã Nguyễn Hữu Hưng bị bắt tại Công an Lào Cai và không thể chống cự.,Đối tượng truy nã Nguyễn Hữu Hưng bị bắt tại Công an Lào Cai (Ảnh: Công an Lào Cai).,NEI,NEI,True
dev_793,793,"Ngành Năng lượng hiện đang là vấn đề nhức nhối của toàn cầu, việc đào tạo và nâng cao nhận thức tiết kiệm, sử dụng điện hiệu quả của nhân viên và người lao động trong doanh nghiệp là hoàn toàn cần thiết.","Đào tạo và nâng cao nhận thức tiết kiệm, sử dụng điện hiệu quả của nhân viên và người lao động trong doanh nghiệp. Cùng với đó, EVNHANOI đã tập trung đăng tải bài viết, các thông tin về sự kiện, thông điệp, video clip tuyên truyền sự kiện trên Fanpage EVNHANOI, trang thông tin điện tử của Tổng công ty và tuyên truyền trực quan tại các tòa nhà.",NEI,NEI,True
dev_963,963,Nguyễn Khôi sắp tốt nghiệp lớp 12 trường THPT Nguyễn Thị Minh Khai.,"Em sắp tốt nghiệp lớp 12, dự định học ngành An toàn thông tin.",NEI,Refuted,False
dev_2389,2389,"Trong thời gian qua, tình hình cung ứng xăng dầu không có nhiều biến động, khó khăn, bất ổn, có thể gây ảnh hưởng lập tức đến thị trường trong nước.","Trong thời gian qua, tình hình cung ứng xăng dầu có nhiều biến động, khó khăn, bất ổn, có thể gây ảnh hưởng lập tức đến thị trường trong nước.",Refuted,Refuted,True
dev_310,310,"Chủ tịch Gianni Infantino đã hứa hẹn các giải đấu trực thuộc FIFA sẽ không có khoản chênh lệch như hiện nay cũng như có những lời hứa về tiền thưởng, tiền công và những đãi ngộ về nơi ở, chỗ luyện tập đã khiến các nữ tuyển thủ Việt Nam có thêm động lực thi đấu.","Chủ tịch Gianni Infantino còn đưa ra những tín hiệu lạc quan cho bóng đá nữ thế giới với hứa hẹn các giải đấu trực thuộc FIFA của nam và nữ đến năm 2027 sẽ hoàn toàn ngang bằng nhau, chứ không có khoản chênh lệch như hiện nay.",NEI,NEI,True
dev_4688,4688,"Trịnh Tiến Dũng, cư trú tại Mỹ, cầm đầu đường dây buôn lậu, vận chuyển trái phép tiền tệ trị giá hàng tỷ USD thông qua nhóm WhatsApp.","Bên cạnh đó, cơ quan tố tụng còn cáo buộc Trịnh Tiến Dũng (đang bỏ trốn, bị truy nã quốc tế) cầm đầu 23 bị can khác trong đường dây vận chuyển trái phép tiền tệ qua biên giới, buôn lậu…",Supported,NEI,False
dev_5187,5187,"Ông Nguyễn Hồng Sơn, Đại biện lâm thời Đại sứ quán Việt Nam tại Nhật Bản đánh giá việc ra đời Liên hiệp Hội có ý nghĩa hết sức to lớn góp phần giữ vai trò kết nối các hội, tổ chức của người Việt Nam tại Nhật Bản; đoàn kết, tập hợp, tổ chức cộng đồng tham gia các hoạt động chung trên tất cả các lĩnh vực cuộc sống xã hội.","Liên hiệp Hội người Việt Nam tại Nhật Bản sẽ giữ vai trò kết nối các hội, tổ chức của người Việt Nam tại Nhật Bản; đoàn kết, tập hợp, tổ chức cộng đồng tham gia các hoạt động chung trên tất cả các lĩnh vực cuộc sống xã hội.",Refuted,NEI,False
dev_380,380,"Khách sạn Saigon Morin ở Huế, từng đón tiếp các nhân vật nổi tiếng, đã kỷ niệm 122 năm thành lập vào tối ngày 26.3.","Saigon Morin, khách sạn 4 sao hàng đầu tại Huế, kỷ niệm 122 năm ra đời tối 26.3, là một trong những khách sạn lâu đời nhất Việt Nam với ""bảng vàng"" danh sách các yếu nhân và nguyên thủ quốc gia từng lưu trú.",Supported,Supported,True
dev_5082,5082,"Theo Bộ trưởng Bộ KH&ĐT Nguyễn Chí Dũng, đầu tư của các doanh nghiệp nhà nước trong các ngành, kĩnh vực, địa bàn then chốt, thiết yếu trong giai đoạn 2016-2021 đã giúp giảm bớt gánh nặng từ ngân sách nhà nước trong việc thi hành các dự án đầu tư phát triển nền kinh tế-xã hội quan trọng.","Bộ trưởng Bộ KH&ĐT Nguyễn Chí Dũng phát biểu ý kiến tại Hội nghị - Ảnh: VGP/Nhật Bắc Dự Hội nghị Thủ tướng Chính phủ làm việc với Uỷ ban và 19 tập đoàn, tổng công ty Nhà nước trực thuộc Uỷ ban, Bộ trưởng Bộ KH&ĐT Nguyễn Chí Dũng cho biết, trong giai đoạn 2016-2021, đầu tư của các doanh nghiệp nhà nước trong các ngành, lĩnh vực, địa bàn then chốt, quan trọng của nền kinh tế đã giúp giảm bớt gánh nặng từ ngân sách nhà nước trong thực hiện các dự án đầu tư phát triển kinh tế-xã hội quan trọng, góp phần thực hiện tiến trình cơ cấu lại nền kinh tế gắn với đổi mới mô hình tăng trưởng.",Supported,Refuted,False
dev_5526,5526,"Ngày 23/3, hãng Disney chính thức công bố đoạn clip giới thiệu bộ phim ""Descendants: The Rise of Red"". Thông tin này trở thành chủ đề bàn tán trên mạng xã hội bởi tạo hình của nhân vật Lọ Lem mới.","(Dân trí) - Ngày 23/3, hãng Disney chính thức công bố đoạn clip giới thiệu bộ phim ""Descendants: The Rise of Red"".",Supported,NEI,False
dev_6749,6749,"Nhà giáo ưu tú, PGS-TS Lương Minh Cừ tăng tranh lưu niệm cho ngày Đại sứ Hỗ trợ đào tạo nguồn nhân lực và nghiên cứu khoa học.","Nhà giáo ưu tú, PGS-TS Lương Minh Cừ tặng quà lưu niệm cho ngày Đại sứ Hỗ trợ đào tạo nguồn nhân lực và nghiên cứu khoa học.",NEI,Refuted,False
dev_7379,7379,"Ông Hồ Tấn Minh cho biết, việc rà soát và cấp mã định danh cho học sinh trên địa bàn thành phố sẽ được ngành giáo dục và ngành công an nỗ lực làm hết sức, ngành giáo dục và ngành công an phải hoàn tất việc làm sạch dữ liệu, cấp mã định danh cho toàn bộ trẻ em trong độ tuổi đến trường, từ 3 - 18 tuổi từ nay cho đến hết tháng 4.","Từ nay cho đến hết tháng 4, ngành giáo duc và ngành công an phải hoàn tất việc làm sạch dữ liệu, cấp mã định danh cho toàn bộ trẻ em trong độ tuổi đến trường, từ 3 - 18 tuổi.",Supported,NEI,False
dev_6947,6947,"Theo Báo Tuổi trẻ Online , cơ quan CSĐT đã tiến hành khám xét nơi ở của ông Bắc ở số 45 đường Lê Thị Pha, phường 1, Thành phố Bảo Lộc, đồng thời công bố các quyết định khởi tố.","Cùng với việc công bố các quyết định khởi tố, cơ quan CSĐT cũng đã khám xét nơi ở của ông Bắc ở số 45 đường Lê Thị Pha, phường 1, Thành phố Bảo Lộc.",NEI,Supported,False
dev_1336,1336,"Ngày 27/3, Việt Nam ghi nhận số ca mắc COVID-19 khỏi bệnh cao nhất trong nhiều tháng, với 44 bệnh nhân được xuất viện.","(NLĐO) - Về dịch COVID-19 hôm nay 27-3, Bộ Y tế cho biết đây là ngày có số người khỏi bệnh tăng cao nhất trong nhiều tháng qua, với 44 trường hợp. Hiện cả nước có 2 bệnh nhân nặng Về tình hình dịch COVID-19 hôm nay, Bộ Y tế cho biết từ 16 giờ ngày 26-3 đến 16 giờ ngày 27-3, cả nước ghi nhận 10 ca mắc, tăng so với ngày trước đó.",Supported,Supported,True
dev_5539,5539,"Trận mở màn chiến dịch vòng loại Euro 2024 rạng sáng 24-3, Tuyển Ý và tuyển Anh sẽ cạnh tranh vị trí tốt nhất bảng trong lần đầu tiên.","Từng đánh bại tuyển Anh ở loạt đá luân lưu trận chung kết 2 năm trước, tuyển Ý quyết giành trọn 3 điểm khi đôi bên tái ngộ ở lượt trận mở màn chiến dịch vòng loại Euro 2024 rạng sáng 24-3 Được xếp chung bảng C cùng với Malta, Bắc Macedonia và Ukraine, không khó để ghi nhận 2 ""đại gia"" Ý và Anh có nhiều cơ hội vượt qua vòng loại, xét về phương diện tương quan lực lượng bảng đấu cùng với bề dày thành tích của cả 2 ở đấu trường châu lục.",NEI,Supported,False
dev_5506,5506,"vào ngày 22/2, nguyên Giám đốc Công an TP Hải Phòng, ông Ca 65 tuổi bị Cơ quan An ninh điều tra Công an tỉnh Quảng Ninh khởi tố, tạm giam về tội trộm cắp.","Ông Ca 65 tuổi, nguyên Giám đốc Công an TP Hải Phòng, bị Cơ quan An ninh điều tra Công an tỉnh Quảng Ninh khởi tố, tạm giam về tội Lừa đảo chiếm đoạt tài sản vào ngày 22/2.",Refuted,Refuted,True
dev_6366,6366,Một người đàn ông Nhật Bản ngoài 50 tuổi bị bắt tại Bắc Kinh vì nghi ngờ tham gia hoạt động gián điệp.,"Phát ngôn viên chính phủ Nhật Bản Hirokazu Matsuno ngày 27/3 cho biết đại sứ quán nước này tại Bắc Kinh đã được thông báo rằng ""một người đàn ông Nhật Bản ngoài 50 tuổi bị bắt tại Bắc Kinh vì vi phạm luật pháp Trung Quốc trong tháng này"".",Supported,NEI,False
dev_5858,5858,Tình trạng bất ổn khi nguồn cung ngắt quãng đặc biệt là xăng dầu gây khó khăn cho nhu cầu đi lại của người dân toàn nước.,"Trong thời gian qua, tình hình cung ứng xăng dầu có nhiều biến động, khó khăn, bất ổn, có thể gây ảnh hưởng lập tức đến thị trường trong nước.",NEI,NEI,True
dev_743,743,"Các quốc gia thành viên của UNCLOS, bao gồm Trung Quốc chỉ được phép hoạt động trên biển chỉ khi có sự đồng ý của các quốc gia trên thế giới.","Các quốc gia thành viên của UNCLOS, trong đó có Trung Quốc, chỉ được phép thực hiện hoạt động nghiên cứu khoa học biển khi có sự đồng ý từ trước của nước ven biển liên quan.",Refuted,Refuted,True
dev_4068,4068,"Theo thông tin từ Báo Tuổi trẻ Online, Thường trực Ban Bí thư Trương Thị Mai nhấn mạnh rằng mục tiêu sống quan trọng của người cao tuổi là tuổi thọ khỏe mạnh. Chương trình chăm sóc sức khỏe người cao tuổi đến năm 2030 đề ra những mục tiêu cụ thể như: lập hồ sơ sức khỏe, khám sức khỏe định kỳ hàng năm, quản lý và điều trị các bệnh không lây nhiễm (như ung thư, tim mạch, tăng huyết áp, đái tháo đường, sa sút trí tuệ), phát triển mô hình Trung tâm dưỡng lão xã hội hoá, và tăng số giường bệnh dành riêng cho người cao tuổi. Các mục tiêu này nhằm đảm bảo sự chăm sóc toàn diện cho sức khỏe và đời sống của người cao tuổi, giúp họ sống một cuộc sống khỏe mạnh và hạnh phúc.","Cụ thể, Chương trình chăm sóc sức khoẻ người cao tuổi đến năm 2030 đề ra những mục tiêu cụ thể như: Lập hồ sơ theo dõi sức khỏe; khám sức khỏe định kỳ hàng năm; phát hiện, quản lý, điều trị các bệnh không lây nhiễm (ung thư, tim mạch, tăng huyết áp, đái tháo đường, sa sút trí tuệ); phát triển mô hình Trung tâm dưỡng lão xã hội hoá; số giường bệnh dành riêng điều trị cho người cao tuổi…",NEI,NEI,True
dev_2946,2946,"Trong 2 trận đấu diễn ra trong những ngày FIFA Days (ngày Liên đoàn bóng đá thế giới cho phép các đội tuyển thoải mái gom quân từ các CLB, làm nhiệm vụ quốc tế) của tháng 3, Thái Lan thua Syria 1-3 vào rạng sáng 26/3 (theo giờ Việt Nam) và thua UAE 0-2 rạng sáng 29/3.","Cụ thể, Thái Lan thua Syria 1-3 vào rạng sáng 26/3 (theo giờ Việt Nam) và thua UAE 0-2 rạng sáng 29/3.",Supported,NEI,False
dev_6044,6044,Lễ hội Thanh niên diễn ra trong vòng 2 ngày nhằm chào mừng kỷ niệm Ngày thành lập Đoàn TNCS Hồ Chí Minh (26.3).,Lễ hội Thanh niên là sự kiện văn hóa đa sắc màu của thanh thiếu nhi TP.HCM được tổ chức trong Tháng Thanh niên nhằm chào mừng kỷ niệm Ngày thành lập Đoàn TNCS Hồ Chí Minh (26.3).,Supported,NEI,False
dev_970,970,Meijer đã lừa hàng trăm phụ nữ chỉ giúp thụ thai tối đa 25 đứa trẻ trong khi con số thực tế cho đến hiện tại có thể là 500 đứa trẻ.,"Cụ thể, ông Meijer được cho là đã lừa hàng trăm phụ nữ rằng ông sẽ chỉ hiến tinh trùng để giúp thụ thai tối đa 25 đứa trẻ, song trên thực tế số lượng hiến tặng của ông cao hơn rất nhiều.",Supported,NEI,False
dev_3332,3332,Màn tranh đấu kì này chủ yếu là tranh tài giữa đương kim vô địch Sahako và á quân - cựu quán quân mùa 2019 Thái Sơn Nam.,"Sân chơi kỳ này là màn tranh tài giữa đương kim vô địch Sahako, á quân Thái Sơn Nam cùng các đấu thủ sừng sỏ Thái Sơn Bắc, Sanvinest Khánh Hòa, Tân Hiệp Hưng, Cao Bằng và hai ""tân binh"" GFDI Sông Hàn, Hà Nội.",NEI,Refuted,False
dev_344,344,Học sinh không phải tham gia nhiều kỳ xét tuyển mà chỉ được tham gia một kỳ thi xét tốt nghiệp THPT và một kỳ xét tuyển đại học.,“Không nhất thiết phải tham gia nhiều kỳ thi.,Supported,NEI,False
dev_3447,3447,"Về quản lý hoạt động lữ hành và cơ sở lưu trú, cấp mới 189 giấy phép, thu hồi 8 giấy phép, cấp đổi 40 giấy phép, cấp lại 1 giấy phép, thẩm định 249 hồ sơ cấp, đổi, rút giấy phép kinh doanh lữ hành quốc tế cho các doanh nghiệp lữ hành.","Về quản lý hoạt động lữ hành và cơ sở lưu trú: Đã thẩm định 249 hồ sơ cấp, đổi, rút giấy phép kinh doanh lữ hành quốc tế cho các doanh nghiệp lữ hành, trong đó cấp mới 189 giấy phép, thu hồi 8 giấy phép, cấp đổi 51 giấy phép, cấp lại 1 giấy phép. Tổ chức Hội nghị toàn quốc về du lịch năm 2023 với chủ đề ""Đẩy nhanh phục hồi - Tăng tốc phát triển"".",Refuted,Refuted,True
dev_6978,6978,"Vào năm 1990, cuộc điều tra dân số chính thức gần đây nhất tại thủ đô Gothenburg của nước này đã được tổ chức với một bảng điều tra được gửi đến mọi gia đình trong cả nước.","Trước đó, cuộc điều tra dân số chính thức gần đây nhất tại nước này được tổ chức vào năm 1990, với một bảng điều tra được gửi đến mọi gia đình trong cả nước.",NEI,NEI,True
dev_206,206,"Với tổng vốn đầu tư hơn 170 triệu USD vào năm 2028, trường đặt mục tiêu hoàn thành xây dựng toàn bộ ba giai đoạn của khuôn viên học tập.",Trường cũng đặt mục tiêu hoàn thành xây dựng toàn bộ ba giai đoạn của khuôn viên học tập với tổng vốn đầu tư hơn 165 triệu USD vào năm 2028.,Refuted,Refuted,True
dev_3703,3703,"Công tác đào tạo, bồi dưỡng nguồn nhân lực, chất lượng dịch vụ và thái độ giao tiếp văn mình không phải là những vấn đề mà ngành chức năng quan tâm.","Ngành chức năng quan tâm công tác đào tạo, bồi dưỡng nguồn nhân lực du lịch. Chất lượng dịch vụ và thái độ giao tiếp, phục vụ khách được cải thiện theo hướng “ứng xử văn minh, thân thiện, trách nhiệm, tôn trọng khách hàng”, tạo ấn tượng tốt đối với du khách trong, ngoài nước.",Refuted,Refuted,True
dev_6277,6277,"Hiện vẫn chưa rõ những yếu tố cụ thể góp phần tạo nên sự bất ổn của ngành ngân hàng trong thời gian gần đây, chẳng hạn như tác động của COVID-19 hay các chính sách điều tiết.","Trong khi đó tại châu Âu, Ngân hàng Trung ương châu Âu (ECB) tin rằng những biến động trong ngành ngân hàng gần đây có thể khiến tăng trưởng chậm lại và lạm phát giảm, Phó Chủ tịch Luis de Guindos cho biết.",NEI,NEI,True
dev_1001,1001,Hai nhà lãnh đạo của Trung Quốc và Nga đã gặp nhau tại Bắc Kinh vào tuần trước.,Hai nhà lãnh đạo này đã gặp nhau tại thủ đô Moscow - Nga hồi tuần trước.,Refuted,Refuted,True
dev_6483,6483,"Từ những chia sẻ của ông Đ.T.T, sinh viên tiếp tục phản ứng gay gắt và nổ ra những cuộc tranh cãi, thậm chí được truyền hình đưa tin, nhưng cũng có nhiều người bênh vực diễn giả, cho rằng ông chỉ đề cập những gì thực tế ngoài xã hội chứ không gói gọn trong sách vở.","Nội dung trả lời của ông Đ.T.T., được chia sẻ trong diễn đàn sinh viên HUFLIT tiếp tục kéo theo những phản ứng, tranh cãi từ sinh viên.",NEI,NEI,True
dev_4306,4306,"Bộ Y tế đưa ra cảnh báo về khả năng xâm nhập, lay lan của các tác nhân bệnh tiềm ẩn khi số ca mắc bắt đầu tăng trong 24 giờ.","Bộ Y tế cảnh báo nguy cơ xâm nhập, lây lan của các tác nhân gây bệnh luôn tiềm ẩn Về tình hình dịch COVID-19 hôm nay, Bộ Y tế cho biết từ 16 giờ ngày 21-3 đến 16 giờ ngày 22-3, cả nước ghi nhận 18 ca mắc, tăng so với ngày trước đó.",Supported,Supported,True
dev_1977,1977,"Đồng chí Đại tá Hồ Xuân Tùng, Phó Cục trưởng Cục Kỹ thuật đã đánh giá cao tinh thần dân chủ trong đơn vị, nghỉ công tác, nghỉ chờ hưu theo quyết định của Bộ trưởng Bộ Quốc phòng.","Theo quyết định của Bộ trưởng Bộ Quốc phòng, đợt này Đại tá Hồ Xuân Tùng, Phó Chủ nhiệm Kỹ thuật Quân khu nghỉ công tác, nghỉ chờ hưu; Đại tá Hoàng Anh Tú, Phó Chỉ huy trưởng Bộ CHQS tỉnh Hà Tĩnh giữ chức Phó Chỉ huy trưởng, Tham mưu trưởng Bộ CHQS tỉnh Hà Tĩnh; Thượng tá Nguyễn Tiến Dũng, Phó Chính ủy Sư đoàn 968 giữ chức Chủ nhiệm Chính trị Học viện Hậu cần; Thượng tá Nguyễn Tú Tài, Phó Tham mưu trưởng Bộ CHQS tỉnh Hà Tĩnh giữ chức Phó Chỉ huy trưởng Bộ CHQS tỉnh Hà Tĩnh. Đối với Bộ CHQS tỉnh Thừa Thiên Huế có 2 đồng chí nhận chức vụ mới.",NEI,NEI,True
dev_6066,6066,"Ngày 31/3 Bộ Giao thông Vận tải họp giao ban quý I/2023 để ban hành, sửa đổi các thông tư liên quan vấn đề đăng kiểm.","Ngày 31/3, tại Hà Nội, Bộ trưởng Bộ Giao thông Vận tải Nguyễn Văn Thắng chủ trì cuộc họp giao ban quý I/2023 của Bộ.",Supported,NEI,False
dev_643,643,Trò lừa đảo mới nhắm vào sinh viên liên quan đến việc những kẻ lừa đảo gọi điện thoại và yêu cầu tiền để chi trả cho trường hợp khẩn cấp về y tế.,"Trước đó, sau khi xuất hiện hình thức lừa đảo gọi điện thoại có con bị tại nạn phải chuyển tiền cấp cứu, Công an TP Hồ Chí Minh cảnh báo, khi bị đối tượng lừa đảo hoặc phát hiện các đối tượng có biểu hiện nghi vấn hoạt động lừa đảo chiếm đoạt tài sản, cần liên hệ ngay với cơ quan Công an nơi gần nhất (Công an phường, xã, thị trấn; Công an quận, huyện, thành phố Thủ Đức) hoặc liên hệ Trực ban Công an TP Hồ Chí Minh (qua số điện thoại 069.3187.344), Trực ban Phòng Cảnh sát hình sự (qua số điện thoại 069.3187.200) để cung cấp thông tin, phối hợp Cơ quan Công an nhanh chóng điều tra, xử lý.",NEI,Supported,False
dev_6880,6880,"Thủ tướng Chính phủ phối hợp, đôn đốc triển khai đồng bộ các chủ trương chính sách về hội nhập quốc tế và đề nghị các bộ, ngành trung ương, địa phương và các cơ quan báo chí làm tốt hơn nữa công tác thông tin, tuyên truyền để các cấp, các ngành, doanh nghiệp và các tầng lớp nhân dân nắm vững chủ trương, đường lối của Đảng.","Bên cạnh đó, Ban Chỉ đạo có nhiệm vụ giúp Chính phủ, Thủ tướng Chính phủ chỉ đạo các bộ, cơ quan ngang bộ, cơ quan thuộc Chính phủ, UBND các tỉnh, thành phố trực thuộc Trung ương, triển khai các chủ trương, chính sách lớn về hội nhập quốc tế; giải quyết những vấn đề quan trọng, liên ngành liên quan đến hội nhập quốc tế; đồng thời giúp Chính phủ, Thủ tướng Chính phủ phối hợp, đôn đốc các bộ, cơ quan ngang Bộ, cơ quan thuộc Chính phủ, UBND các tỉnh, thành phố trực thuộc Trung ương, trong việc triển khai đồng bộ các chủ trương chính sách về hội nhập quốc tế.",NEI,NEI,True
dev_2506,2506,"Theo ông Hoàng Thanh Tùng, cách thức thực hiện việc tích hợp thông tin vào CCCD nếu làm rõ và đảm bảo tính đồng bộ, thống nhất sẽ gây nhiều phiền hà cho người dân.","Ông Tùng đề nghị làm rõ phương thức thực hiện việc tích hợp thông tin vào CCCD, bổ sung thông tin vào cơ sở dữ liệu CCCD để không gây phiền hà cho người dân; rà soát các luật có liên quan bảo đảm sự đồng bộ, thống nhất.",Refuted,Refuted,True
dev_4181,4181,Các gia đình không chia sẻ bất kỳ thông tin cá nhân nào trên mạng xã hội sẽ an toàn trước các cuộc tấn công của tội phạm mạng.,"Tôi sẽ báo cáo xin ý kiến ngay với Ban bí thư Trung ương Đoàn để đề nghị triển khai các thông tin cảnh báo trên cổng thông tin của Trung ương Đoàn, từ đó đề xuất Báo Tiền Phong xem xét để có những tuyến bài cảnh giác về các âm mưu, phương thức hoạt động của tội phạm công nghệ cao, về lỗ hổng không chỉ ở cơ quan nhà nước, luật, cơ chế, cơ quan quản lý mà còn ở góc độ của mỗi cá nhân để tạo sức đề kháng cho mỗi người trước các thủ đoạn lừa đảo”.",Refuted,Refuted,True
dev_1168,1168,"Nhóm thực hiện chiến dịch tranh cử tổng thống của ông Trump đã đưa ra lời kêu gọi gây quỹ đầu tiên tới những người ủng hộ ông, và họ cũng đã huy động được khoảng 2 triệu USD từ khắp nơi trên thế giới kể từ khi ông Trump lần đầu tiên dự đoán ông sẽ bị bắt vào ngày 18/3.","Trước ngày 30/3, nhóm vận động tranh cử trên cho biết họ đã huy động được khoảng 2 triệu USD kể từ khi ông Trump lần đầu tiên dự đoán vào ngày 18/3 rằng ông sẽ bị bắt.",NEI,NEI,True
dev_3927,3927,Chiều tối và đêm ở Tây Nguyên có mưa rào và dông do ảnh hưởng của cơn bão lớn.,"Tây Nguyên: Có mây, ngày nắng; chiều tối và đêm có mưa rào và dông vài nơi, riêng phía Bắc có mưa rào và dông rải rác.",NEI,NEI,True
dev_5765,5765,"Người Vietcombank nào cũng thuộc nằm lòng và nhắc đến với niềm tự hào vô bờ bến giá trị cốt lõi của văn hóa Vietcombank được khái quát hóa thành 5 chữ vàng ""Tin - Chuẩn - Mới - Bền - Nhân"".","(Chinhphu.vn) - Giá trị cốt lõi của văn hóa Vietcombank được khái quát hóa thành 5 chữ vàng ""Tin - Chuẩn - Mới - Bền - Nhân"" mà người Vietcombank nào cũng thuộc nằm lòng và nhắc đến với niềm tự hào vô bờ bến.",Supported,Refuted,False
dev_2143,2143,Cử trì đề nghị điều chỉnh lộ trình thu học phí theo hướng tăng mạnh rồi giữ nguyên.,Cử trì đề nghị điều chỉnh lộ trình thu học phí theo hướng tăng dần theo mức trần và quy định cụ thể về mặt thời gian để hoàn thành việc tăng học phí.,Refuted,Refuted,True
dev_4646,4646,Tòa án tối cao Hoa Kỳ tuyên bố Bill Clinton phạm tội quấy rối tình dục vào năm 1998.,"Năm 1994, nữ lễ tân Paula Jones tố ông Clinton từng quấy rối tình dục cô vào tháng 5-1991.",Refuted,Refuted,True
dev_6794,6794,Dự án có tổng vốn đầu tư trên 4.950 tỉ đồng.,Dự án có tổng vốn đầu tư trên 4.950 tỉ đồng.,Supported,Supported,True
dev_3282,3282,"Theo Công văn số 672/QĐ-BGDĐT ngày 8-3-2023, Bộ GD&ĐT quyết định phê duyệt địa điểm tổ chức thi IELTS cho IDP và Hội đồng Anh.","(PLO)- Kể từ khi tạm hoãn đến nay, Bộ GD&ĐT đã có 2 lần phê duyệt địa điểm tổ chức thi IELTS cho IDP và Hội đồng Anh. Bộ GD&ĐT vừa phê duyệt cho tổ chức IDP thêm 11 địa điểm liên kết tổ chức thi cấp chứng chỉ tiếng Anh IELTS. Cụ thể, theo Công văn số 672/QĐ-BGDĐT ngày 8-3-2023, Bộ GD&ĐT quyết định phê duyệt việc liên kết tổ chức thi cấp IELTS giữa Công ty TNHH Giáo Dục IDP (Việt Nam), Trường Đại học Việt Đức, Trường Đại học Y Dược Buôn Ma Thuột, Trường Đại học Kinh tế quốc dân, Công ty TNHH Đào tạo Hanex, Công ty TNHH một thành viên Giáo dục Việt Mỹ, Công ty TNHH Anh ngữ Gia Việt, Công ty Cổ phần Giáo dục và Đào tạo IMAP Việt Nam, Công ty Cổ phần Đào tạo – Phát triển Thời Đại, Công ty Cổ phần Tư vấn Giáo dục và Truyền thông PISA, Trung tâm Anh ngữ INNO (Chi nhánh Công ty TNHH Tư vấn – Thiết kế - Xây dựng Đất Phan) và IELTS Australia Pty Ltd (Australia).",Supported,Refuted,False
dev_4194,4194,"Theo quyết định số 569/QĐ-TTg của Thủ tướng Chính phủ, Ban Chỉ đạo quốc gia về hội nhập quốc tế có các chức năng và nhiệm vụ giúp đề ra các định hướng, chiến lược, các giải pháp lớn liên quan đến hội nhập quốc tế.","* Theo Quyết định số 596/QĐ-TTg của Thủ tướng Chính phủ về việc thành lập Ban Chỉ đạo quốc gia về hội nhập quốc tế, Ban Chỉ đạo quốc gia về hội nhập quốc tế có các chức năng và nhiệm vụ giúp Chính phủ, Thủ tướng Chính phủ đề ra các định hướng, chiến lược, các giải pháp lớn liên quan đến hội nhập quốc tế; đề xuất những nhiệm vụ trọng tâm, trọng điểm về hội nhập quốc tế cần tập trung chỉ đạo, điều hành trong từng giai đoạn.",Refuted,Refuted,True
dev_4150,4150,"Ngày 30-3-2023, tại địa chỉ https://www.facebook.com/tuyensinhso có đăng hình ảnh mạo danh Bộ GD-ĐT công bố lịch thi tốt nghiệp THPT năm 2023, Bộ GD-ĐT cho biết.","Bộ GD-ĐT cho biết, hiện nay, tại địa chỉ https://www.facebook.com/tuyensinhso có đăng hình ảnh mạo danh Bộ GD-ĐT công bố lịch thi tốt nghiệp THPT năm 2023, với lịch thi chi tiết từng ngày.",NEI,NEI,True
dev_5375,5375,Vì hiện nay chúng ta đang ở cấp độ dịch 1 - tất cả đều màu xanh nên số ca mắc COVID-19 trong thời gian tới có thể giảm xuống.,"Tuy nhiên, hiện nay chúng ta đang ở cấp độ dịch 1- tất cả đều màu xanh. PGS.TS Phan Trọng Lân - Cục trưởng Cục Y tế dự phòng, Bộ Y tế: Hiện nay dù số ca mắc COVID-19 có tăng nhẹ nhưng chúng ta vẫn đang ở cấp độ dịch 1- tất cả đều màu xanh. Ảnh: Trần Minh Trước bối cảnh tình hình dịch bệnh COVID-19 trong nước có xu hướng tăng từ đầu tháng 4 đến nay, số mắc trong 7 ngày qua tăng 3,8 lần so với trước đó, chiều 13/4, Bộ Y tế đã có những trao đổi xung quanh công tác phòng chống dịch. Theo GS.TS Phan Trọng Lân, Cục trưởng Cục Y tế dự phòng, việc đánh giá tình hình dịch COVID-19 sẽ dựa trên 3 yếu tố.",Refuted,Refuted,True
dev_4641,4641,"Công ty cổ phần Du lịch Việt Ngữ năm 2006 đã động thổ xây dựng khu du lịch ""Ẩm thực - ngôn ngữ vượt thời gian"" với diện tích lên đến 90.000m2 tại Quảng Nam.","Năm 2005, Công ty cổ phần Du lịch Việt Ngữ động thổ xây dựng khu du lịch ""Ẩm thực - ngôn ngữ vượt thời gian"" tại thôn Thuận An, xã đảo Tam Hải, huyện Núi Thành, Quảng Nam trên diện tích đất có diện tích rộng 90.000m2, tổng vốn đầu tư khoảng 75 tỷ đồng.",Refuted,Refuted,True
dev_2795,2795,"13 người trên ôtô khách và tài xế xe tải bị thương, được người dân phá cửa kính đưa ra ngoài.","Tài xế xe tải và 12 người trên ôtô khách bị thương, được người dân phá cửa kính đưa ra ngoài.",Refuted,Refuted,True
dev_844,844,"Đề xuất, quyết định và thực hiện quy trình chuyển nhượng 2 dự án trên của các cá nhân tại Công ty Tân Thuận và Văn phòng Thành ủy cho Công ty Quốc Cường Gia Lai không đúng các quy định, gây thất thoát tài sản của Nhà nước 750 tỉ đồng.","Tuy nhiên, các cá nhân tại Công ty Tân Thuận và Văn phòng Thành ủy, Thành ủy đã đề xuất, quyết định và thực hiện quy trình chuyển nhượng 2 dự án trên cho Công ty Quốc Cường Gia Lai không đúng các quy định, gây thất thoát tài sản của Nhà nước 735 tỉ đồng.",Refuted,Refuted,True
dev_1195,1195,Gen Alpha (Thế hệ Alpha) được xem là những 'con người công nghệ' khi được sinh ra cùng thời điểm với sự xuất hiện của iPad và Instagram.,Gen Alpha (Thế hệ Alpha) được xem là những 'con người công nghệ' khi được sinh ra cùng thời điểm với sự xuất hiện của iPad và Instagram.,Supported,Supported,True
dev_2603,2603,"Truyền thông sự kiện trên các ấn phẩm, báo, tạp chí, cổng thông tin điện tử... và tạo ra các sản phẩm âm nhạc truyền thông du lịch kết hợp các nghệ sĩ nhằm thu hút các bạn trẻ từ trong nước và quốc tế.","Truyền thông sự kiện trên các ấn phẩm, báo, tạp chí, cổng thông tin điện tử...",NEI,NEI,True
dev_6919,6919,"Theo kế hoạch tập luyện 2 tuần tại Hà Nội, tuyển nữ Việt Nam sẽ có 3 trận giao hữu vào tuần sau tại sân vận động Mỹ Đình, sau đó tuyển nữ Việt Nam sẽ lên đường tham dự vòng loại thứ 2 Olympic nữ 2024.","Theo kế hoạch tập luyện 2 tuần tại Hà Nội, tuyển nữ Việt Nam sẽ có 3 trận giao hữu vào tuần sau với các đối thủ: đội nam U14 Phù Đổng, đội cựu danh thủ từng thi đấu SEA Games 2003 và đội Thanh niên Hà Nội.",NEI,NEI,True
dev_5663,5663,"Tất cả 213 Ủy ban nhân dân xã, phường, thị trấn thuộc Thành phố Hồ Chí Minh sẽ thành lập Tổ công tác, tăng cường thực hiện công tác tập trung trẻ em, người lang thang xin ăn và đối tượng cần bảo vệ khẩn cấp tại địa phương.","Tất cả 312 Ủy ban nhân dân xã, phường, thị trấn thuộc Thành phố Hồ Chí Minh sẽ thành lập Tổ công tác, tăng cường thực hiện công tác tập trung trẻ em, người lang thang xin ăn và đối tượng cần bảo vệ khẩn cấp tại địa phương.",Refuted,Refuted,True
dev_2157,2157,Cuộc tập kích gây ra hỏa hoạn trên diện rộng khiến 5 người chết và 25 người bị thương.,20 người bị thương sau sự việc.,Refuted,Refuted,True
dev_1914,1914,"Theo ông Phạm Văn Bảy, Dĩ An được công nhận là đô thị loại II và là thành phố trực thuộc Bình Dương.","Ông Phạm Văn Bảy, Phó Chủ tịch Thường trực UBND TP Dĩ An, cho biết Dĩ An được công nhận là đô thị loại III vào năm 2017 và là thành phố trực thuộc tỉnh Bình Dương từ năm 2020.",Refuted,Refuted,True
dev_1811,1811,"BS Hải sinh năm 1992, trsu tại xã Phước Lộc, Như Xuân, công tác tại BV Hữu nghị Việt Đức, tình nguyện đi hỗ trợ BVĐK Như Xuân từ tháng 6-2021.","BS Hải sinh năm 1992, công tác tại BV Hữu nghị Việt Đức, tình nguyện đi hỗ trợ BVĐK Như Xuân từ tháng 6-2021 theo Dự án BS trẻ tình nguyện về miền núi, vùng sâu vùng xa của Bộ Y tế (Dự án 585).",NEI,NEI,True
dev_5882,5882,"Việc tổ chức Ban Chỉ đạo quốc gia về hội nhập quốc tế được thông tin như sau: Trưởng Ban Chỉ đạo quốc gia là Thủ tướng Chính phủ Phạm Minh Chính, đồng thời các Phó Trưởng Ban Chỉ đạo quốc gia là các Phó Thủ tướng Chính phủ: Lê Văn Thành, Trần Hồng Hà, Trần Lưu Quang.","Theo đó, sửa đổi khoản 1 và khoản 2 Điều 1 về nhân sự tại Quyết định số 596/QĐ-TTg của Thủ tướng Chính phủ về việc thành lập Ban Chỉ đạo quốc gia về hội nhập quốc tế như sau: Trưởng Ban Chỉ đạo quốc gia là Thủ tướng Chính phủ Phạm Minh Chính. Phó Trưởng Ban Chỉ đạo quốc gia là các Phó Thủ tướng Chính phủ: Lê Văn Thành, Trần Hồng Hà, Trần Lưu Quang.",Supported,Supported,True
dev_2362,2362,"Sau khi thua đội đầu bảng Libourne 2-3 vào phút chót, Pau B quyết tâm giành lại chiến thắng bằng cách luyện tập 24/7.","Quang Hải (xa) chưa thể tỏa sáng ở giải hạng 5 Pháp Rạng sáng nay, Pau B tiếp đón Lege Cap Ferret tại vòng 18 giải hạng 5 Pháp. Ở vòng gần nhất, Pau B đã thua ngược đội đầu bảng Libourne 2-3 vào phút chót và họ tràn đầy quyết tâm tìm lại niềm vui chiến thắng khi trở lại sân nhà.",NEI,NEI,True
dev_4527,4527,TS Nguyễn Hữu Nguyên phản đối việc lắp mái tôn trên vỉa hè đường Lê Lợi.,"Mái tôn trên vỉa hè lại thêm kiến trúc cứng nhắc"" – TS Nguyễn Hữu Nguyên nói.",Supported,NEI,False
dev_6453,6453,"Với lợi thế sân nhà, Nhật Bản chiếm được ưu thế hơn cả Colombia, chính vì thế Samurai xanh sẽ không tha cho đối thủ.","Xem ra chiều nay, Samurai xanh sẽ không tha cho đối thủ.",Supported,NEI,False
dev_4331,4331,"Các công dân trẻ tiêu biểu cũng tham gia vào giải chạy bộ ""Bước chân xanh"" nhằm hưởng ứng chiến dịch Giờ Trái đất năm 2023.",Giải chạy thu hút hơn 1.000 người tham gia hưởng ứng chiến dịch Giờ Trái đất năm 2023.,Supported,NEI,False
dev_2899,2899,"Ngày 29/3, đơn vị giữ quyền cử thí sinh Việt Nam dự thi Miss Universe đã đạt được thỏa thuận với Unicorp về việc chuyển quyền quản lý Á hậu Thảo Nhi nên cô được tham gia Miss Universe 2023.","Hôm nay 29/3, đơn vị giữ quyền cử thí sinh Việt Nam dự thi Miss Universe chính thức xác nhận Á hậu Thảo Lê sẽ không tham gia Miss Universe 2023.",Refuted,Refuted,True
dev_1682,1682,"ông Lula, 77 tuổi được chuẩn đoán là bị ung thư phổi giai đoạn cuối do vậy ông được các bác sĩ khuyên là nên hủy chuyến đi đến Trung Quốc.",Tổng thống Brazil Luiz Inácio Lula da Silva REUTERS Mặc dù các bác sĩ cho biết sức khỏe của ông Silva đã cải thiện nhưng ông được khuyên nên “hoãn chuyến đi đến Trung Quốc cho đến khi chu kỳ lây truyền virus kết thúc”.,Refuted,NEI,False
dev_444,444,"Ông Nguyễn Chí Thiện 60 tuổi, Chủ tịch UBND phường Tân Chánh Hiệp phối hợp với Đoàn y bác sĩ Bệnh viện Quân y 175, doanh nghiệp, nhà thuốc khám bệnh, phát thuốc và tặng quà cho bà con, bước đầu sàng lọc bệnh tật, tiếp đó sẽ có phương án hỗ trợ bà con bảo vệ sức khỏe tốt hơn.","Lần này, phường phối hợp Đoàn y bác sĩ Bệnh viện Quân y 175, doanh nghiệp, nhà thuốc khám bệnh, phát thuốc và tặng quà cho bà con, bước đầu sàng lọc bệnh tật, tiếp đó sẽ có phương án hỗ trợ bà con bảo vệ sức khỏe tốt hơn.",NEI,NEI,True
dev_1829,1829,"Saigon Morin, khách sạn 4 sao hàng đầu tại Huế, kỷ niệm 122 năm ra đời tối 26.3, là một trong những khách sạn lâu đời nhất Việt Nam với ""bảng vàng"" danh sách các yếu nhân và nguyên thủ quốc gia từng lưu trú.","Saigon Morin, khách sạn 4 sao hàng đầu tại Huế, kỷ niệm 122 năm ra đời tối 26.3, là một trong những khách sạn lâu đời nhất Việt Nam với ""bảng vàng"" danh sách các yếu nhân và nguyên thủ quốc gia từng lưu trú.",Supported,Supported,True
dev_2810,2810,"Trong văn bản khẩn của UBNA Hà Nội, UBND yêu cầu các đơn vị phải bàn giao mặt bằng đúng cam kết và khởi công dự án vành đai 3 TP.HCM đúng tiến độ.",(PLO)- UBND TP.HCM yêu cầu các đơn vị phải bàn giao mặt bằng đúng cam kết và khởi công dự án vành đai 3 TP.HCM đúng tiến độ.,Refuted,NEI,False
dev_6814,6814,"Bài đăng trên trang facebook vào ngày 21-3 của một phụ nữ ở miền bắc nước Pháp khoảng 50 tuổi, từng là người ủng hộ các cuộc biểu tình ""Áo vàng"" trong năm 2018-2019 bị đưa ra xét xử với cáo buộc xúc phạm Tổng thống Pháp Emmanuel Macron.","Người phụ nữ trên, khoảng 50 tuổi, từng là người ủng hộ các cuộc biểu tình ""Áo vàng"" trong năm 2018-2019.",Supported,NEI,False
dev_5795,5795,"Ngân hàng Thung lũng Silicon (SCB), đối tác chính của giới khởi nghiệp công nghệ tại Mỹ đã được ngân hàng First Citizens đồng ý mua lại.","SVB là đối tác chính của giới khởi nghiệp công nghệ tại Mỹ, hoạt động từ thập niên 1980.",Refuted,NEI,False
dev_550,550,"Cháu T đang chơi ở nhà thì uống nhầm ly sữa có pha thuốc của bố, sau đó bé lơ mơ, phản ứng chậm nên được đưa vào viện.","cho biết, trước đó khi đang chơi ở nhà thì cháu T.",Supported,NEI,False
dev_5818,5818,Những tai nghe có khả năng dự đoán bệnh sẽ được ra mắt vào tháng 12 năm nay tại Mỹ.,Những tai nghe không dây này dự kiến ra mắt thị trường Mỹ vào cuối năm nay.,NEI,NEI,True
dev_984,984,Bing được kì vong là sẽ giành được thị phần AI của Google.,"Davidson & Co kỳ vọng Bing sẽ giành được thị phần trong vài tháng tới, nhất là khi Google tiếp tục trì hoãn việc tích hợp công nghệ AI phái sinh vào sản phẩm của mình. Trong khi hầu hết người dùng đã có thể sử dụng Bing tích hợp AI kể từ tháng 2/2023, Google bắt đầu công bố hộp thoại Bard vào ngày 21/3.",Refuted,Supported,False
dev_7284,7284,Các khối u màng não thường được phát hiện sớm khi kích thước còn nhỏ.,"Tuy nhiên, do tính chất lành tính, phát triển chậm nên khối u màng não thường được phát hiện muộn khi kích thước đã lớn.",Refuted,Refuted,True
dev_1291,1291,"Nhằm giúp học sinh có khả năng dùng tiếng Anh ở cả bốn kỹ năng, giáo viên sẽ được bồi dưỡng phương pháp dạy học theo hướng phát huy năng lực, đồng thời sẽ thực hành giảng dạy và dự giờ tại các trường phổ thông ở Australia.","Các giáo viên sẽ tham gia khoá bồi dưỡng bốn tuần tại thành phố Sydney hoặc Melbourne, Australia, bằng ngân sách nhà nước, theo thông báo ngày 26/3 trên website Sở Giáo dục và Đào tạo tỉnh. Thầy cô sẽ được bồi dưỡng phương pháp dạy theo hướng phát huy năng lực, giúp học sinh có khả năng dùng tiếng Anh ở cả bốn kỹ năng nghe, nói, đọc, viết; tìm hiểu các phương pháp kiểm tra, đánh giá; nâng cao khả năng ứng dụng công nghệ thông tin trong khai thác học liệu, phần mềm để dạy tiếng Anh hiệu quả hơn.",Supported,NEI,False
dev_6514,6514,Buổi lễ bốc thăm U20 World Cup bị FIFA hủy bỏ do Thống đốc Bali từ chối cho U20 Israel tham dự do không đủ điều kiện.,Buổi lễ bốc thăm U20 World Cup tại Bali - Indonesia cuối tháng 3-2023 đã bị FIFA hủy bỏ do Thống đốc Bali từ chối cho U20 Israel tham dự.,NEI,NEI,True
dev_5637,5637,"Lực lượng Nga đã tiến vào ""pháo đài dưới lòng đất"" của lực lượng phòng thủ Ukraine vào ngày 28/3.","Ông Denish Pushilin, lãnh đạo Cộng hòa Nhân dân Donetsk (DPR) tự xưng, ngày 28/3 cho biết các lực lượng Nga đã tiến vào bên trong nhà máy luyện kim AZOM ở Bakhmut, nơi được xem là một ""pháo đài dưới lòng đất"" của lực lượng phòng thủ Ukraine.",Supported,Supported,True
dev_3459,3459,"Đảng ủy Quảng Ninh, chỉ huy xác định công tác thi đua và phong trào Thi đua Quyết thắng luôn là một nội dung quan trọng trong hoạt động lãnh đạo, chỉ đạo của cấp ủy, chỉ huy các cấp.","Nhấn mạnh các mục tiêu lớn của tỉnh Quảng Ninh như là một cực trong tam giác động lực tăng trưởng Hà Nội - Hải Phòng - Quảng Ninh, phát huy vai trò đầu tàu, động lực trong phát triển vùng đồng bằng sông Hồng, đồng chí Trần Tuấn Anh đề nghị tỉnh Quảng Ninh nghiên cứu, triển khai một số nhiệm vụ, giải pháp quan trọng như: Tiếp tục rà soát, bổ sung, ban hành mới chương trình, kế hoạch, đề án để tiếp tục thực hiện Chỉ thị 13-CT/TW trên địa bàn tỉnh, quan tâm nghiên cứu, xây dựng quy hoạch, quản lý quy hoạch bài bản, hiệu quả.",Refuted,NEI,False
dev_3342,3342,"Du lịch Việt Nam, du lịch Bình Thuận và Năm du lịch quốc gia 2023 được quảng bá tại các hội chợ du lịch quốc tế như ITB tại Anh, WTM tại Mỹ và các thị trường trọng điểm quốc tế như ASEAN, Đông Bắc Á, châu Âu...","Truyền thông, quảng bá du lịch Việt Nam, du lịch Bình Thuận và Năm Du lịch quốc gia 2023 tại chương trình giới thiệu du lịch Việt Nam và các tuần văn hóa Việt Nam tại thị trường trọng điểm quốc tế (ASEAN, Đông Bắc Á, châu Âu, Ấn Độ, Australia, Mỹ...).",Refuted,NEI,False
dev_353,353,Chỉ có mẫu xe Hyundai Santa Cruzes 2022-2023 là bị ảnh hưởng.,"Theo NHTSA, các mẫu xe bị ảnh hưởng do lỗi mô-đun trên gồm Hyundai Santa Cruzes 2022-2023, Hyundai Santa Fes 2019-2023, Santa Fe Hybrid 2021-2023, Santa Fe Plug-in Hybrid 2022-2023 và xe tải cỡ nhỏ Kia Carnival 2022-2023.",Refuted,Refuted,True
dev_5911,5911,Ông Tony Blair hiện đang là Thủ tướng Vương quốc Anh và Bắc Ireland.,"(Chinhphu.vn) - Chiều 10/3, Thủ tướng Phạm Minh Chính đã tiếp ông Tony Blair, cựu Thủ tướng Vương quốc Anh và Bắc Ireland, Chủ tịch điều hành Viện Tony Blair vì sự thay đổi toàn cầu (TBI) nhân dịp ông đến thăm Việt Nam.",Refuted,Supported,False
dev_131,131,"Tại TP HCM, ghi nhận của phóng viên Báo Người Lao Động tại những phòng giao dịch của các nhà mạng còn hơn 2 triệu thuê bao di động trả trước chưa cập nhật thông tin có thể bị khóa sim một chiều từ ngày 31-3.","Còn hơn 2 triệu thuê bao di động trả trước chưa cập nhật thông tin có thể bị khóa sim một chiều từ ngày 31-3 Tại TP HCM, ghi nhận của phóng viên Báo Người Lao Động tại những phòng giao dịch của các nhà mạng: VinaPhone, MobiFone, Viettel…",Supported,NEI,False
dev_1799,1799,Liên đoàn bóng đá Indonesia (PSSI) đang cố gắng tiếp tục yêu cầu được tổ chức World Cup U22 2023 vào ngày 31/3 sắp tới.,"Theo tiết lộ của tờ Bola, lý do Liên đoàn bóng đá thế giới (FIFA) hủy lễ bốc thăm World Cup U20 2023 dự kiến sẽ được diễn ra tại thành phố Bali của Indonesia vào ngày 31/3 tới đây là do để chính trị can thiệp vào thể thao.",Refuted,Refuted,True
dev_7435,7435,"Tuy diễn giả không được nêu tên trong confession của sinh viên, ông Đ.T.T đã chủ động đáp trả bằng video clip trên Facebook.","Tuy nhiên, ngay sau đó, ông Đ.T.T là diễn giả trong chương trình trên tại Trường Đại học Ngoại ngữ - Tin học TPHCM đã đáp trả bằng một clip phản hồi trên mạng xã hội TikTok.",Refuted,Refuted,True
dev_4170,4170,"Văn phòng Interpol Việt Nam, Văn phòng Cơ quan Cảnh sát điều tra (CSĐT) Bộ Công an và tổ chức Interpol quốc tế phối hợp với Phòng Cảnh sát hình sự Công an tỉnh Đắk Nông dẫn độ nam thanh niên truy nã quốc tế về Việt Nam.","Ngày 22-3, Phòng Cảnh sát hình sự Công an tỉnh Đắk Nông cho biết đơn vị vừa phối hợp với Văn phòng Interpol Việt Nam, Văn phòng Cơ quan Cảnh sát điều tra (CSĐT) Bộ Công an và tổ chức Interpol quốc tế dẫn độ nam thanh niên truy nã quốc tế về Việt Nam.",Supported,Supported,True
dev_3812,3812,"Tuy mất tiền đạo chủ lực từ sớm, Đại học Huế vẫn giữ được sự sắc sảo trong tấn công với hai bàn thắng đều là đá phạt.","Đại học Huế ăn mừng vào chung kết sau loạt sút 11m - Ảnh: ĐỘC NGUYỄN Ở trận bán kết còn lại, Đại học Huế đã thắng Đại học Sư phạm TDTT TP. 3-2 ở loạt sút 11m sau khi hòa 1-1 trong hai hiệp chính. Mất tiền đạo chủ lực Nguyễn Văn Đô ngay phút thứ 10 của trận đấu vì bị choáng sau pha va chạm với thủ môn Thiện Phúc, Đại học Huế không còn giữ được sự sắc sảo trong tấn công như thường thấy.",Refuted,Refuted,True
